subject,trial,condition,perturb_deg,muscle,muscle_label,n_cycles,peak_m,min_m,rom_m,peak_phase_pct,min_phase_pct
S135,S135_G03_D01_B01_T01,sagittal,0.0,glut_med1_r,Glut. medius,240,0.12625167732576553,0.11515135535859078,0.011100321967174753,86.0,51.0
S135,S135_G03_D01_B01_T01,sagittal,0.0,rect_fem_r,Rect. femoris,240,0.4258567121599642,0.34078540134126867,0.08507131081869551,44.0,77.0
S135,S135_G03_D01_B01_T01,sagittal,0.0,vas_lat_r,Vast. lateralis,240,0.20532714077134168,0.1480529049734304,0.05727423579791127,37.0,71.0
S135,S135_G03_D01_B01_T01,sagittal,0.0,tib_ant_r,Tib. anterior,240,0.3173400811253502,0.29724442468355977,0.020095656441790455,65.0,48.0
S135,S135_G03_D01_B01_T01,sagittal,0.0,soleus_r,Soleus,240,0.29814937012368925,0.27538325546441406,0.022766114659275194,48.0,65.0
S135,S135_G03_D01_B01_T01,sagittal,0.0,med_gas_r,Med. gastrocnemius,240,0.4580094236978666,0.43919187041437496,0.01881755328349166,51.0,64.0
S135,S135_G03_D01_B01_T01,sagittal,0.0,semimem_r,Semimembranosus,240,0.44768525789079755,0.39864218036419213,0.049043077526605416,84.0,46.0
S135,S135_G03_D01_B01_T01,sagittal,0.0,semiten_r,Semitendinosus,240,0.5058796580802137,0.44523721357757406,0.06064244450263967,84.0,45.0
S135,S135_G03_D01_B01_T01,sagittal,0.0,bifemlh_r,Biceps femoris LH,240,0.4628062877557376,0.40238569257143014,0.06042059518430748,83.0,47.0
S135,S135_G03_D01_B01_T01,sagittal,0.0,bifemsh_r,Biceps femoris SH,240,0.25250940180930365,0.2435278055910381,0.008981596218265553,84.0,37.0
S135,S135_G03_D01_B01_T02,sagittal,0.0,glut_med1_r,Glut. medius,241,0.12674011868742047,0.11681973965379787,0.009920379033622598,86.0,51.0
S135,S135_G03_D01_B01_T02,sagittal,0.0,rect_fem_r,Rect. femoris,241,0.41989286597619035,0.3348414320714122,0.08505143390477815,44.0,78.0
S135,S135_G03_D01_B01_T02,sagittal,0.0,vas_lat_r,Vast. lateralis,241,0.20299542348967975,0.14806712969274446,0.054928293796935285,34.0,74.0
S135,S135_G03_D01_B01_T02,sagittal,0.0,tib_ant_r,Tib. anterior,241,0.31886783079888253,0.29628030742815914,0.022587523370723395,64.0,47.0
S135,S135_G03_D01_B01_T02,sagittal,0.0,soleus_r,Soleus,241,0.2990931616390624,0.2734043387777453,0.02568882286131713,47.0,64.0
S135,S135_G03_D01_B01_T02,sagittal,0.0,med_gas_r,Med. gastrocnemius,241,0.459609565318244,0.4374459591826803,0.022163606135563674,50.0,64.0
S135,S135_G03_D01_B01_T02,sagittal,0.0,semimem_r,Semimembranosus,241,0.45396064698048594,0.40397865209620526,0.04998199488428068,85.0,46.0
S135,S135_G03_D01_B01_T02,sagittal,0.0,semiten_r,Semitendinosus,241,0.5136045180559425,0.4512859793629376,0.062318538693004966,84.0,46.0
S135,S135_G03_D01_B01_T02,sagittal,0.0,bifemlh_r,Biceps femoris LH,241,0.47004091960571903,0.407922799291798,0.062118120313921055,84.0,47.0
S135,S135_G03_D01_B01_T02,sagittal,0.0,bifemsh_r,Biceps femoris SH,241,0.2524982064565734,0.244824093817745,0.00767411263882839,85.0,34.0
S135,S135_G03_D01_B01_T03,sagittal,0.0,glut_med1_r,Glut. medius,242,0.12674722143534894,0.11645367337945754,0.010293548055891402,87.0,52.0
S135,S135_G03_D01_B01_T03,sagittal,0.0,rect_fem_r,Rect. femoris,242,0.42273476079540084,0.3360055907698608,0.08672917002554004,45.0,78.0
S135,S135_G03_D01_B01_T03,sagittal,0.0,vas_lat_r,Vast. lateralis,242,0.20510747146618516,0.14804752735319898,0.05705994411298618,36.0,71.0
S135,S135_G03_D01_B01_T03,sagittal,0.0,tib_ant_r,Tib. anterior,242,0.318056691147105,0.297087392568371,0.020969298578733975,65.0,48.0
S135,S135_G03_D01_B01_T03,sagittal,0.0,soleus_r,Soleus,242,0.29830409250425793,0.27446063411251626,0.02384345839174168,48.0,65.0
S135,S135_G03_D01_B01_T03,sagittal,0.0,med_gas_r,Med. gastrocnemius,242,0.45809270061429475,0.4382598902635648,0.019832810350729924,51.0,64.0
S135,S135_G03_D01_B01_T03,sagittal,0.0,semimem_r,Semimembranosus,242,0.45394990428343984,0.40185468959012044,0.0520952146933194,85.0,47.0
S135,S135_G03_D01_B01_T03,sagittal,0.0,semiten_r,Semitendinosus,242,0.5134782710571069,0.4487696573207702,0.06470861373633668,85.0,46.0
S135,S135_G03_D01_B01_T03,sagittal,0.0,bifemlh_r,Biceps femoris LH,242,0.4697872585853403,0.4058965923915623,0.06389066619377803,84.0,48.0
S135,S135_G03_D01_B01_T03,sagittal,0.0,bifemsh_r,Biceps femoris SH,242,0.2524851728821783,0.24365271565043403,0.008832457231744278,85.0,36.0
S140,S140_G03_D01_B01_T01,sagittal,0.0,glut_med1_r,Glut. medius,221,0.1257730305793519,0.11475055253322969,0.01102247804612222,83.0,49.0
S140,S140_G03_D01_B01_T01,sagittal,0.0,rect_fem_r,Rect. femoris,221,0.42099361925729645,0.34183065727903267,0.07916296197826378,43.0,79.0
S140,S140_G03_D01_B01_T01,sagittal,0.0,vas_lat_r,Vast. lateralis,221,0.19948518212756072,0.14811051484384066,0.05137466728372006,38.0,68.0
S140,S140_G03_D01_B01_T01,sagittal,0.0,tib_ant_r,Tib. anterior,221,0.3097154270572775,0.2907626493025688,0.018952777754708716,66.0,51.0
S140,S140_G03_D01_B01_T01,sagittal,0.0,soleus_r,Soleus,221,0.3042474764328182,0.2847244562794675,0.019523020153350668,51.0,66.0
S140,S140_G03_D01_B01_T01,sagittal,0.0,med_gas_r,Med. gastrocnemius,221,0.46516078114585824,0.4466025685753377,0.018558212570520538,49.0,8.0
S140,S140_G03_D01_B01_T01,sagittal,0.0,semimem_r,Semimembranosus,221,0.4427518554141108,0.4011514769485186,0.04160037846559217,84.0,44.0
S140,S140_G03_D01_B01_T01,sagittal,0.0,semiten_r,Semitendinosus,221,0.5004977532400388,0.44854934767738497,0.05194840556265379,84.0,44.0
S140,S140_G03_D01_B01_T01,sagittal,0.0,bifemlh_r,Biceps femoris LH,221,0.4586329197599582,0.40416729512370514,0.05446562463625304,83.0,45.0
S140,S140_G03_D01_B01_T01,sagittal,0.0,bifemsh_r,Biceps femoris SH,221,0.25238885162584385,0.24658431478176626,0.005804536844077585,59.0,38.0
S140,S140_G03_D01_B01_T02,sagittal,0.0,glut_med1_r,Glut. medius,225,0.12611176014274172,0.11581219707378317,0.010299563068958559,83.0,49.0
S140,S140_G03_D01_B01_T02,sagittal,0.0,rect_fem_r,Rect. femoris,225,0.4214448449020249,0.3400250757274881,0.0814197691745368,43.0,78.0
S140,S140_G03_D01_B01_T02,sagittal,0.0,vas_lat_r,Vast. lateralis,225,0.20134944668520088,0.1480322677942725,0.05331717889092838,39.0,71.0
S140,S140_G03_D01_B01_T02,sagittal,0.0,tib_ant_r,Tib. anterior,225,0.31111764284342913,0.2918692972774295,0.019248345565999636,66.0,52.0
S140,S140_G03_D01_B01_T02,sagittal,0.0,soleus_r,Soleus,225,0.3032452953209367,0.2830723335997679,0.02017296172116878,52.0,66.0
S140,S140_G03_D01_B01_T02,sagittal,0.0,med_gas_r,Med. gastrocnemius,225,0.46501120286300957,0.4449912811456121,0.02001992171739747,51.0,10.0
S140,S140_G03_D01_B01_T02,sagittal,0.0,semimem_r,Semimembranosus,225,0.4461567370835236,0.401719078512945,0.044437658570578575,84.0,45.0
S140,S140_G03_D01_B01_T02,sagittal,0.0,semiten_r,Semitendinosus,225,0.5044857206399541,0.4489168214161827,0.055568899223771395,83.0,45.0
S140,S140_G03_D01_B01_T02,sagittal,0.0,bifemlh_r,Biceps femoris LH,225,0.46209603845285413,0.40523824232945344,0.056857796123400695,82.0,46.0
S140,S140_G03_D01_B01_T02,sagittal,0.0,bifemsh_r,Biceps femoris SH,225,0.25246825865484646,0.24567322521848695,0.00679503343635951,60.0,39.0
S140,S140_G03_D01_B01_T03,sagittal,0.0,glut_med1_r,Glut. medius,226,0.12635296993161593,0.11641662368012566,0.009936346251490272,83.0,49.0
S140,S140_G03_D01_B01_T03,sagittal,0.0,rect_fem_r,Rect. femoris,226,0.4182963378229143,0.33721484057257056,0.08108149725034375,43.0,79.0
S140,S140_G03_D01_B01_T03,sagittal,0.0,vas_lat_r,Vast. lateralis,226,0.19959243744124797,0.14806507677515812,0.051527360666089844,39.0,68.0
S140,S140_G03_D01_B01_T03,sagittal,0.0,tib_ant_r,Tib. anterior,226,0.31094239473911894,0.2915402428563756,0.019402151882743357,66.0,52.0
S140,S140_G03_D01_B01_T03,sagittal,0.0,soleus_r,Soleus,226,0.3035456649508109,0.28328121751445967,0.02026444743635125,52.0,66.0
S140,S140_G03_D01_B01_T03,sagittal,0.0,med_gas_r,Med. gastrocnemius,226,0.46502581051485903,0.444923524292216,0.02010228622264304,50.0,8.0
S140,S140_G03_D01_B01_T03,sagittal,0.0,semimem_r,Semimembranosus,226,0.4484832085349606,0.40425602396210486,0.04422718457285574,84.0,45.0
S140,S140_G03_D01_B01_T03,sagittal,0.0,semiten_r,Semitendinosus,226,0.5074699096834258,0.4518610336794795,0.05560887600394626,84.0,45.0
S140,S140_G03_D01_B01_T03,sagittal,0.0,bifemlh_r,Biceps femoris LH,226,0.46499490648970376,0.40777176612239,0.05722314036731374,83.0,46.0
S140,S140_G03_D01_B01_T03,sagittal,0.0,bifemsh_r,Biceps femoris SH,226,0.25248280664932987,0.24653273141974272,0.005950075229587154,59.0,39.0
S142,S142_G03_D01_B01_T01,sagittal,0.0,glut_med1_r,Glut. medius,212,0.12638207738042806,0.11517139654732222,0.011210680833105835,96.0,50.0
S142,S142_G03_D01_B01_T01,sagittal,0.0,rect_fem_r,Rect. femoris,212,0.42067949602355786,0.34119221255680987,0.079487283466748,44.0,77.0
S142,S142_G03_D01_B01_T01,sagittal,0.0,vas_lat_r,Vast. lateralis,212,0.19992571304311485,0.1480636590292495,0.051862054013865344,41.0,69.0
S142,S142_G03_D01_B01_T01,sagittal,0.0,tib_ant_r,Tib. anterior,212,0.31477834780256275,0.2962097097276735,0.018568638074889232,63.0,47.0
S142,S142_G03_D01_B01_T01,sagittal,0.0,soleus_r,Soleus,212,0.29916120973900373,0.27862225160846643,0.0205389581305373,47.0,63.0
S142,S142_G03_D01_B01_T01,sagittal,0.0,med_gas_r,Med. gastrocnemius,212,0.4602795595865843,0.4423164719341504,0.017963087652433873,48.0,63.0
S142,S142_G03_D01_B01_T01,sagittal,0.0,semimem_r,Semimembranosus,212,0.44622597358129645,0.40193560966984415,0.0442903639114523,84.0,45.0
S142,S142_G03_D01_B01_T01,sagittal,0.0,semiten_r,Semitendinosus,212,0.5042410127291079,0.44927332323516117,0.05496768949394676,83.0,45.0
S142,S142_G03_D01_B01_T01,sagittal,0.0,bifemlh_r,Biceps femoris LH,212,0.46156085260385626,0.40518929316687774,0.056371559436978524,82.0,46.0
S142,S142_G03_D01_B01_T01,sagittal,0.0,bifemsh_r,Biceps femoris SH,212,0.25233413524817666,0.24637257965959772,0.005961555588578943,59.0,41.0
S142,S142_G03_D01_B01_T02,sagittal,0.0,glut_med1_r,Glut. medius,213,0.1261685671744668,0.11477050663814409,0.011398060536322724,96.0,50.0
S142,S142_G03_D01_B01_T02,sagittal,0.0,rect_fem_r,Rect. femoris,213,0.4244843926200597,0.34361140919620564,0.08087298342385407,44.0,77.0
S142,S142_G03_D01_B01_T02,sagittal,0.0,vas_lat_r,Vast. lateralis,213,0.2027317139108599,0.14810120625412193,0.054630507656737964,41.0,71.0
S142,S142_G03_D01_B01_T02,sagittal,0.0,tib_ant_r,Tib. anterior,213,0.3154829207871681,0.29682776067227146,0.01865516011489665,63.0,47.0
S142,S142_G03_D01_B01_T02,sagittal,0.0,soleus_r,Soleus,213,0.2985585558807811,0.27774074237844326,0.020817813502337856,47.0,63.0
S142,S142_G03_D01_B01_T02,sagittal,0.0,med_gas_r,Med. gastrocnemius,213,0.4589863677115542,0.4409743960466176,0.01801197166493662,50.0,62.0
S142,S142_G03_D01_B01_T02,sagittal,0.0,semimem_r,Semimembranosus,213,0.4451363811838239,0.399234593287651,0.04590178789617294,84.0,45.0
S142,S142_G03_D01_B01_T02,sagittal,0.0,semiten_r,Semitendinosus,213,0.5027629164752652,0.44607203540347773,0.056690881071787436,83.0,44.0
S142,S142_G03_D01_B01_T02,sagittal,0.0,bifemlh_r,Biceps femoris LH,213,0.45994823476793845,0.40271155214983967,0.05723668261809878,82.0,46.0
S142,S142_G03_D01_B01_T02,sagittal,0.0,bifemsh_r,Biceps femoris SH,213,0.25237778198834426,0.24496479138663577,0.007412990601708497,59.0,41.0
S142,S142_G03_D01_B01_T03,sagittal,0.0,glut_med1_r,Glut. medius,214,0.1263743208639137,0.11524873729128787,0.01112558357262583,97.0,51.0
S142,S142_G03_D01_B01_T03,sagittal,0.0,rect_fem_r,Rect. femoris,214,0.4204954576329188,0.3410852011881946,0.07941025644472421,44.0,78.0
S142,S142_G03_D01_B01_T03,sagittal,0.0,vas_lat_r,Vast. lateralis,214,0.19992953931463414,0.14804469700969286,0.05188484230494128,41.0,70.0
S142,S142_G03_D01_B01_T03,sagittal,0.0,tib_ant_r,Tib. anterior,214,0.3160242183885782,0.29622582528802144,0.019798393100556755,64.0,47.0
S142,S142_G03_D01_B01_T03,sagittal,0.0,soleus_r,Soleus,214,0.2991457537714623,0.2770575146990474,0.022088239072414917,47.0,64.0
S142,S142_G03_D01_B01_T03,sagittal,0.0,med_gas_r,Med. gastrocnemius,214,0.46039001585570477,0.4407712662879414,0.019618749567763383,49.0,63.0
S142,S142_G03_D01_B01_T03,sagittal,0.0,semimem_r,Semimembranosus,214,0.44706625564895414,0.4021978904629936,0.044868365185960546,85.0,45.0
S142,S142_G03_D01_B01_T03,sagittal,0.0,semiten_r,Semitendinosus,214,0.5051468793205033,0.4495395355277392,0.05560734379276411,84.0,45.0
S142,S142_G03_D01_B01_T03,sagittal,0.0,bifemlh_r,Biceps femoris LH,214,0.462229510425513,0.40551819258205857,0.056711317843454456,83.0,46.0
S142,S142_G03_D01_B01_T03,sagittal,0.0,bifemsh_r,Biceps femoris SH,214,0.25241382200394186,0.24637210055314726,0.006041721450794596,59.0,41.0
S146,S146_G03_D01_B01_T01,sagittal,0.0,glut_med1_r,Glut. medius,218,0.12565128195097022,0.11293662928871692,0.0127146526622533,97.0,51.0
S146,S146_G03_D01_B01_T01,sagittal,0.0,rect_fem_r,Rect. femoris,218,0.4245749530704173,0.3446146722976494,0.0799602807727679,46.0,80.0
S146,S146_G03_D01_B01_T01,sagittal,0.0,vas_lat_r,Vast. lateralis,218,0.20013381578695416,0.14810691154210487,0.05202690424484929,42.0,74.0
S146,S146_G03_D01_B01_T01,sagittal,0.0,tib_ant_r,Tib. anterior,218,0.3150209994296537,0.29548817674321853,0.01953282268643519,65.0,48.0
S146,S146_G03_D01_B01_T01,sagittal,0.0,soleus_r,Soleus,218,0.29985534249159157,0.2783193492574255,0.02153599323416605,48.0,65.0
S146,S146_G03_D01_B01_T01,sagittal,0.0,med_gas_r,Med. gastrocnemius,218,0.4607841199817905,0.44118702535851617,0.019597094623274303,51.0,64.0
S146,S146_G03_D01_B01_T01,sagittal,0.0,semimem_r,Semimembranosus,218,0.4419568234424322,0.3976352132609898,0.04432161018144243,85.0,48.0
S146,S146_G03_D01_B01_T01,sagittal,0.0,semiten_r,Semitendinosus,218,0.49925685101811984,0.44479948222171717,0.05445736879640267,84.0,47.0
S146,S146_G03_D01_B01_T01,sagittal,0.0,bifemlh_r,Biceps femoris LH,218,0.45709283218472607,0.4002997584778711,0.05679307370685499,84.0,48.0
S146,S146_G03_D01_B01_T01,sagittal,0.0,bifemsh_r,Biceps femoris SH,218,0.25252007904144397,0.24627159696872306,0.006248482072720912,61.0,42.0
S146,S146_G03_D01_B01_T02,sagittal,0.0,glut_med1_r,Glut. medius,228,0.12551894689255844,0.11249733511225385,0.013021611780304587,96.0,51.0
S146,S146_G03_D01_B01_T02,sagittal,0.0,rect_fem_r,Rect. femoris,228,0.4254926628908898,0.3451405477146048,0.08035211517628499,46.0,80.0
S146,S146_G03_D01_B01_T02,sagittal,0.0,vas_lat_r,Vast. lateralis,228,0.20050868437318753,0.14804530072121094,0.052463383651976586,42.0,73.0
S146,S146_G03_D01_B01_T02,sagittal,0.0,tib_ant_r,Tib. anterior,228,0.31517926659924594,0.2948048176972847,0.020374448901961217,64.0,48.0
S146,S146_G03_D01_B01_T02,sagittal,0.0,soleus_r,Soleus,228,0.3005109895324245,0.2781225486351118,0.022388440897312678,48.0,64.0
S146,S146_G03_D01_B01_T02,sagittal,0.0,med_gas_r,Med. gastrocnemius,228,0.4614661194900108,0.44128604804793664,0.020180071442074177,51.0,64.0
S146,S146_G03_D01_B01_T02,sagittal,0.0,semimem_r,Semimembranosus,228,0.44108408676294636,0.3968107985526713,0.04427328821027504,85.0,47.0
S146,S146_G03_D01_B01_T02,sagittal,0.0,semiten_r,Semitendinosus,228,0.4982313564839808,0.44392789399601823,0.054303462487962584,84.0,46.0
S146,S146_G03_D01_B01_T02,sagittal,0.0,bifemlh_r,Biceps femoris LH,228,0.456155720244123,0.3994452202903954,0.05671049995372757,83.0,47.0
S146,S146_G03_D01_B01_T02,sagittal,0.0,bifemsh_r,Biceps femoris SH,228,0.2525269369653354,0.24609310164973966,0.006433835315595743,60.0,42.0
S146,S146_G03_D01_B01_T03,sagittal,0.0,glut_med1_r,Glut. medius,228,0.12532323446425087,0.11234014358764569,0.01298309087660518,97.0,50.0
S146,S146_G03_D01_B01_T03,sagittal,0.0,rect_fem_r,Rect. femoris,228,0.4273567632053801,0.3469699457438104,0.08038681746156967,45.0,79.0
S146,S146_G03_D01_B01_T03,sagittal,0.0,vas_lat_r,Vast. lateralis,228,0.20206976698547924,0.14826261320210576,0.053807153783373474,41.0,73.0
S146,S146_G03_D01_B01_T03,sagittal,0.0,tib_ant_r,Tib. anterior,228,0.31628906571304083,0.29582072151161515,0.02046834420142568,64.0,47.0
S146,S146_G03_D01_B01_T03,sagittal,0.0,soleus_r,Soleus,228,0.29953622549975323,0.27672539821607,0.02281082728368322,47.0,64.0
S146,S146_G03_D01_B01_T03,sagittal,0.0,med_gas_r,Med. gastrocnemius,228,0.4596834421012629,0.4396297573701535,0.02005368473110941,51.0,64.0
S146,S146_G03_D01_B01_T03,sagittal,0.0,semimem_r,Semimembranosus,228,0.43968769417015113,0.39557740641144984,0.044110287758701294,84.0,47.0
S146,S146_G03_D01_B01_T03,sagittal,0.0,semiten_r,Semitendinosus,228,0.49647385762938745,0.4424352732857125,0.05403858434367492,83.0,46.0
S146,S146_G03_D01_B01_T03,sagittal,0.0,bifemlh_r,Biceps femoris LH,228,0.4544488197083098,0.3983096760695741,0.05613914363873568,83.0,47.0
S146,S146_G03_D01_B01_T03,sagittal,0.0,bifemsh_r,Biceps femoris SH,228,0.252505428203677,0.24530896021102727,0.007196467992649724,61.0,41.0
