subject,task,segment_label,start_s,end_s,velocity_kmh,status,marker_ik,n_frames
austra,ng,ng_v0,200.59,202.09,3.54,ok,/home/ilab/venv/OpenSim_Based_Estimation_of_Muscle_Tendon_Length_Trajectories_from_Commercial_IMU_Derived_Gait_Kinematics-2/gaitex_extra_tasks/marker_ik/austra_ng_ng_v0_marker_ik_200.59_202.09.mot,151
austra,ng,ng_v1,270.55,272.05,4.02,ok,/home/ilab/venv/OpenSim_Based_Estimation_of_Muscle_Tendon_Length_Trajectories_from_Commercial_IMU_Derived_Gait_Kinematics-2/gaitex_extra_tasks/marker_ik/austra_ng_ng_v1_marker_ik_270.55_272.05.mot,151
austra,ng,ng_v2,340.01,341.51,4.46,ok,/home/ilab/venv/OpenSim_Based_Estimation_of_Muscle_Tendon_Length_Trajectories_from_Commercial_IMU_Derived_Gait_Kinematics-2/gaitex_extra_tasks/marker_ik/austra_ng_ng_v2_marker_ik_340.01_341.51.mot,151
austra,gwo,gwo_v0,6.11,7.61,3.57,ok,/home/ilab/venv/OpenSim_Based_Estimation_of_Muscle_Tendon_Length_Trajectories_from_Commercial_IMU_Derived_Gait_Kinematics-2/gaitex_extra_tasks/marker_ik/austra_gwo_gwo_v0_marker_ik_6.11_7.61.mot,151
austra,gwo,gwo_v1,37.63,39.13,4.05,ok,/home/ilab/venv/OpenSim_Based_Estimation_of_Muscle_Tendon_Length_Trajectories_from_Commercial_IMU_Derived_Gait_Kinematics-2/gaitex_extra_tasks/marker_ik/austra_gwo_gwo_v1_marker_ik_37.63_39.13.mot,151
austra,gwo,gwo_v2,67.68,69.18,4.57,ok,/home/ilab/venv/OpenSim_Based_Estimation_of_Muscle_Tendon_Length_Trajectories_from_Commercial_IMU_Derived_Gait_Kinematics-2/gaitex_extra_tasks/marker_ik/austra_gwo_gwo_v2_marker_ik_67.68_69.18.mot,151
austra,rd,rd_correct,49.252,50.752,,ok,/home/ilab/venv/OpenSim_Based_Estimation_of_Muscle_Tendon_Length_Trajectories_from_Commercial_IMU_Derived_Gait_Kinematics-2/gaitex_extra_tasks/marker_ik/austra_rd_rd_correct_marker_ik_49.25_50.75.mot,151
austra,rd,rd_toes,89.211,90.711,,ok,/home/ilab/venv/OpenSim_Based_Estimation_of_Muscle_Tendon_Length_Trajectories_from_Commercial_IMU_Derived_Gait_Kinematics-2/gaitex_extra_tasks/marker_ik/austra_rd_rd_toes_marker_ik_89.21_90.71.mot,151
austra,rd,rd_supination,126.065,127.565,,ok,/home/ilab/venv/OpenSim_Based_Estimation_of_Muscle_Tendon_Length_Trajectories_from_Commercial_IMU_Derived_Gait_Kinematics-2/gaitex_extra_tasks/marker_ik/austra_rd_rd_supination_marker_ik_126.06_127.56.mot,151
austra,rd,rd_pronation,171.044,172.44313,,ok,/home/ilab/venv/OpenSim_Based_Estimation_of_Muscle_Tendon_Length_Trajectories_from_Commercial_IMU_Derived_Gait_Kinematics-2/gaitex_extra_tasks/marker_ik/austra_rd_rd_pronation_marker_ik_171.04_172.44.mot,141
austra,rgs,rgs_correct,11.935,13.435,,ok,/home/ilab/venv/OpenSim_Based_Estimation_of_Muscle_Tendon_Length_Trajectories_from_Commercial_IMU_Derived_Gait_Kinematics-2/gaitex_extra_tasks/marker_ik/austra_rgs_rgs_correct_marker_ik_11.94_13.44.mot,151
austra,rgs,rgs_flexion,104.755,106.255,,ok,/home/ilab/venv/OpenSim_Based_Estimation_of_Muscle_Tendon_Length_Trajectories_from_Commercial_IMU_Derived_Gait_Kinematics-2/gaitex_extra_tasks/marker_ik/austra_rgs_rgs_flexion_marker_ik_104.75_106.25.mot,151
austra,rgs,rgs_abduction,199.825,201.325,,ok,/home/ilab/venv/OpenSim_Based_Estimation_of_Muscle_Tendon_Length_Trajectories_from_Commercial_IMU_Derived_Gait_Kinematics-2/gaitex_extra_tasks/marker_ik/austra_rgs_rgs_abduction_marker_ik_199.82_201.32.mot,151
austra,rgs,rgs_stork,297.931,299.431,,ok,/home/ilab/venv/OpenSim_Based_Estimation_of_Muscle_Tendon_Length_Trajectories_from_Commercial_IMU_Derived_Gait_Kinematics-2/gaitex_extra_tasks/marker_ik/austra_rgs_rgs_stork_marker_ik_297.93_299.43.mot,151
darryl,ng,ng_v0,6.33,7.83,4.08,ok,/home/ilab/venv/OpenSim_Based_Estimation_of_Muscle_Tendon_Length_Trajectories_from_Commercial_IMU_Derived_Gait_Kinematics-2/gaitex_extra_tasks/marker_ik/darryl_ng_ng_v0_marker_ik_6.33_7.83.mot,151
darryl,ng,ng_v1,38.68,40.18,4.57,ok,/home/ilab/venv/OpenSim_Based_Estimation_of_Muscle_Tendon_Length_Trajectories_from_Commercial_IMU_Derived_Gait_Kinematics-2/gaitex_extra_tasks/marker_ik/darryl_ng_ng_v1_marker_ik_38.68_40.18.mot,151
darryl,ng,ng_v2,69.27,70.77,5.09,ok,/home/ilab/venv/OpenSim_Based_Estimation_of_Muscle_Tendon_Length_Trajectories_from_Commercial_IMU_Derived_Gait_Kinematics-2/gaitex_extra_tasks/marker_ik/darryl_ng_ng_v2_marker_ik_69.27_70.77.mot,151
darryl,gwo,gwo_v0,7.88,9.379999999999999,4.06,ok,/home/ilab/venv/OpenSim_Based_Estimation_of_Muscle_Tendon_Length_Trajectories_from_Commercial_IMU_Derived_Gait_Kinematics-2/gaitex_extra_tasks/marker_ik/darryl_gwo_gwo_v0_marker_ik_7.88_9.38.mot,151
darryl,gwo,gwo_v1,39.11,40.61,4.56,ok,/home/ilab/venv/OpenSim_Based_Estimation_of_Muscle_Tendon_Length_Trajectories_from_Commercial_IMU_Derived_Gait_Kinematics-2/gaitex_extra_tasks/marker_ik/darryl_gwo_gwo_v1_marker_ik_39.11_40.61.mot,151
darryl,gwo,gwo_v2,69.3,70.8,5.14,ok,/home/ilab/venv/OpenSim_Based_Estimation_of_Muscle_Tendon_Length_Trajectories_from_Commercial_IMU_Derived_Gait_Kinematics-2/gaitex_extra_tasks/marker_ik/darryl_gwo_gwo_v2_marker_ik_69.30_70.80.mot,151
darryl,rd,rd_correct,23.828,25.328,,ok,/home/ilab/venv/OpenSim_Based_Estimation_of_Muscle_Tendon_Length_Trajectories_from_Commercial_IMU_Derived_Gait_Kinematics-2/gaitex_extra_tasks/marker_ik/darryl_rd_rd_correct_marker_ik_23.83_25.33.mot,151
darryl,rd,rd_toes,66.235,67.735,,ok,/home/ilab/venv/OpenSim_Based_Estimation_of_Muscle_Tendon_Length_Trajectories_from_Commercial_IMU_Derived_Gait_Kinematics-2/gaitex_extra_tasks/marker_ik/darryl_rd_rd_toes_marker_ik_66.23_67.73.mot,151
darryl,rd,rd_supination,118.541,120.041,,ok,/home/ilab/venv/OpenSim_Based_Estimation_of_Muscle_Tendon_Length_Trajectories_from_Commercial_IMU_Derived_Gait_Kinematics-2/gaitex_extra_tasks/marker_ik/darryl_rd_rd_supination_marker_ik_118.54_120.04.mot,151
darryl,rd,rd_pronation,159.811,161.311,,ok,/home/ilab/venv/OpenSim_Based_Estimation_of_Muscle_Tendon_Length_Trajectories_from_Commercial_IMU_Derived_Gait_Kinematics-2/gaitex_extra_tasks/marker_ik/darryl_rd_rd_pronation_marker_ik_159.81_161.31.mot,151
darryl,rgs,rgs_correct,28.158,29.658,,ok,/home/ilab/venv/OpenSim_Based_Estimation_of_Muscle_Tendon_Length_Trajectories_from_Commercial_IMU_Derived_Gait_Kinematics-2/gaitex_extra_tasks/marker_ik/darryl_rgs_rgs_correct_marker_ik_28.16_29.66.mot,151
darryl,rgs,rgs_flexion,110.993,112.493,,ok,/home/ilab/venv/OpenSim_Based_Estimation_of_Muscle_Tendon_Length_Trajectories_from_Commercial_IMU_Derived_Gait_Kinematics-2/gaitex_extra_tasks/marker_ik/darryl_rgs_rgs_flexion_marker_ik_110.99_112.49.mot,151
darryl,rgs,rgs_abduction,187.026,188.526,,ok,/home/ilab/venv/OpenSim_Based_Estimation_of_Muscle_Tendon_Length_Trajectories_from_Commercial_IMU_Derived_Gait_Kinematics-2/gaitex_extra_tasks/marker_ik/darryl_rgs_rgs_abduction_marker_ik_187.03_188.53.mot,151
darryl,rgs,rgs_stork,288.715,290.215,,ok,/home/ilab/venv/OpenSim_Based_Estimation_of_Muscle_Tendon_Length_Trajectories_from_Commercial_IMU_Derived_Gait_Kinematics-2/gaitex_extra_tasks/marker_ik/darryl_rgs_rgs_stork_marker_ik_288.71_290.21.mot,151
elodie,ng,ng_v0,6.32,7.82,3.05,ok,/home/ilab/venv/OpenSim_Based_Estimation_of_Muscle_Tendon_Length_Trajectories_from_Commercial_IMU_Derived_Gait_Kinematics-2/gaitex_extra_tasks/marker_ik/elodie_ng_ng_v0_marker_ik_6.32_7.82.mot,151
elodie,ng,ng_v1,40.05,41.55,3.57,ok,/home/ilab/venv/OpenSim_Based_Estimation_of_Muscle_Tendon_Length_Trajectories_from_Commercial_IMU_Derived_Gait_Kinematics-2/gaitex_extra_tasks/marker_ik/elodie_ng_ng_v1_marker_ik_40.05_41.55.mot,151
elodie,ng,ng_v2,70.66,72.16,4.07,ok,/home/ilab/venv/OpenSim_Based_Estimation_of_Muscle_Tendon_Length_Trajectories_from_Commercial_IMU_Derived_Gait_Kinematics-2/gaitex_extra_tasks/marker_ik/elodie_ng_ng_v2_marker_ik_70.66_72.16.mot,151
elodie,gwo,gwo_v0,5.51,7.01,3.07,ok,/home/ilab/venv/OpenSim_Based_Estimation_of_Muscle_Tendon_Length_Trajectories_from_Commercial_IMU_Derived_Gait_Kinematics-2/gaitex_extra_tasks/marker_ik/elodie_gwo_gwo_v0_marker_ik_5.51_7.01.mot,151
elodie,gwo,gwo_v1,38.35,39.85,3.55,ok,/home/ilab/venv/OpenSim_Based_Estimation_of_Muscle_Tendon_Length_Trajectories_from_Commercial_IMU_Derived_Gait_Kinematics-2/gaitex_extra_tasks/marker_ik/elodie_gwo_gwo_v1_marker_ik_38.35_39.85.mot,151
elodie,gwo,gwo_v2,66.57,68.07,4.06,ok,/home/ilab/venv/OpenSim_Based_Estimation_of_Muscle_Tendon_Length_Trajectories_from_Commercial_IMU_Derived_Gait_Kinematics-2/gaitex_extra_tasks/marker_ik/elodie_gwo_gwo_v2_marker_ik_66.57_68.07.mot,151
elodie,rd,rd_correct,44.901,46.401,,ok,/home/ilab/venv/OpenSim_Based_Estimation_of_Muscle_Tendon_Length_Trajectories_from_Commercial_IMU_Derived_Gait_Kinematics-2/gaitex_extra_tasks/marker_ik/elodie_rd_rd_correct_marker_ik_44.90_46.40.mot,151
elodie,rd,rd_toes,101.671,103.171,,ok,/home/ilab/venv/OpenSim_Based_Estimation_of_Muscle_Tendon_Length_Trajectories_from_Commercial_IMU_Derived_Gait_Kinematics-2/gaitex_extra_tasks/marker_ik/elodie_rd_rd_toes_marker_ik_101.67_103.17.mot,151
elodie,rd,rd_supination,170.684,172.184,,ok,/home/ilab/venv/OpenSim_Based_Estimation_of_Muscle_Tendon_Length_Trajectories_from_Commercial_IMU_Derived_Gait_Kinematics-2/gaitex_extra_tasks/marker_ik/elodie_rd_rd_supination_marker_ik_170.68_172.18.mot,151
elodie,rd,rd_pronation,228.282,229.782,,ok,/home/ilab/venv/OpenSim_Based_Estimation_of_Muscle_Tendon_Length_Trajectories_from_Commercial_IMU_Derived_Gait_Kinematics-2/gaitex_extra_tasks/marker_ik/elodie_rd_rd_pronation_marker_ik_228.28_229.78.mot,151
elodie,rgs,rgs_correct,45.757,47.257,,ok,/home/ilab/venv/OpenSim_Based_Estimation_of_Muscle_Tendon_Length_Trajectories_from_Commercial_IMU_Derived_Gait_Kinematics-2/gaitex_extra_tasks/marker_ik/elodie_rgs_rgs_correct_marker_ik_45.76_47.26.mot,151
elodie,rgs,rgs_flexion,143.217,144.717,,ok,/home/ilab/venv/OpenSim_Based_Estimation_of_Muscle_Tendon_Length_Trajectories_from_Commercial_IMU_Derived_Gait_Kinematics-2/gaitex_extra_tasks/marker_ik/elodie_rgs_rgs_flexion_marker_ik_143.22_144.72.mot,151
elodie,rgs,rgs_abduction,253.739,255.239,,ok,/home/ilab/venv/OpenSim_Based_Estimation_of_Muscle_Tendon_Length_Trajectories_from_Commercial_IMU_Derived_Gait_Kinematics-2/gaitex_extra_tasks/marker_ik/elodie_rgs_rgs_abduction_marker_ik_253.74_255.24.mot,151
elodie,rgs,rgs_stork,351.646,353.146,,ok,/home/ilab/venv/OpenSim_Based_Estimation_of_Muscle_Tendon_Length_Trajectories_from_Commercial_IMU_Derived_Gait_Kinematics-2/gaitex_extra_tasks/marker_ik/elodie_rgs_rgs_stork_marker_ik_351.65_353.15.mot,151
erna,ng,ng_v0,11.42,12.92,3.05,ok,/home/ilab/venv/OpenSim_Based_Estimation_of_Muscle_Tendon_Length_Trajectories_from_Commercial_IMU_Derived_Gait_Kinematics-2/gaitex_extra_tasks/marker_ik/erna_ng_ng_v0_marker_ik_11.42_12.92.mot,151
erna,ng,ng_v1,28.31,29.81,3.57,ok,/home/ilab/venv/OpenSim_Based_Estimation_of_Muscle_Tendon_Length_Trajectories_from_Commercial_IMU_Derived_Gait_Kinematics-2/gaitex_extra_tasks/marker_ik/erna_ng_ng_v1_marker_ik_28.31_29.81.mot,151
erna,ng,ng_v2,42.72,44.22,4.06,ok,/home/ilab/venv/OpenSim_Based_Estimation_of_Muscle_Tendon_Length_Trajectories_from_Commercial_IMU_Derived_Gait_Kinematics-2/gaitex_extra_tasks/marker_ik/erna_ng_ng_v2_marker_ik_42.72_44.22.mot,151
erna,gwo,gwo_v0,37.67,39.17,3.05,ok,/home/ilab/venv/OpenSim_Based_Estimation_of_Muscle_Tendon_Length_Trajectories_from_Commercial_IMU_Derived_Gait_Kinematics-2/gaitex_extra_tasks/marker_ik/erna_gwo_gwo_v0_marker_ik_37.67_39.17.mot,151
erna,gwo,gwo_v1,68.65,70.15,3.56,ok,/home/ilab/venv/OpenSim_Based_Estimation_of_Muscle_Tendon_Length_Trajectories_from_Commercial_IMU_Derived_Gait_Kinematics-2/gaitex_extra_tasks/marker_ik/erna_gwo_gwo_v1_marker_ik_68.65_70.15.mot,151
erna,gwo,gwo_v2,98.88,100.38,4.04,ok,/home/ilab/venv/OpenSim_Based_Estimation_of_Muscle_Tendon_Length_Trajectories_from_Commercial_IMU_Derived_Gait_Kinematics-2/gaitex_extra_tasks/marker_ik/erna_gwo_gwo_v2_marker_ik_98.88_100.38.mot,151
erna,rd,rd_correct,36.058,37.558,,ok,/home/ilab/venv/OpenSim_Based_Estimation_of_Muscle_Tendon_Length_Trajectories_from_Commercial_IMU_Derived_Gait_Kinematics-2/gaitex_extra_tasks/marker_ik/erna_rd_rd_correct_marker_ik_36.06_37.56.mot,151
erna,rd,rd_toes,81.005,82.505,,ok,/home/ilab/venv/OpenSim_Based_Estimation_of_Muscle_Tendon_Length_Trajectories_from_Commercial_IMU_Derived_Gait_Kinematics-2/gaitex_extra_tasks/marker_ik/erna_rd_rd_toes_marker_ik_81.00_82.50.mot,151
erna,rd,rd_supination,126.694,128.19400000000002,,ok,/home/ilab/venv/OpenSim_Based_Estimation_of_Muscle_Tendon_Length_Trajectories_from_Commercial_IMU_Derived_Gait_Kinematics-2/gaitex_extra_tasks/marker_ik/erna_rd_rd_supination_marker_ik_126.69_128.19.mot,151
erna,rd,rd_pronation,176.715,178.215,,ok,/home/ilab/venv/OpenSim_Based_Estimation_of_Muscle_Tendon_Length_Trajectories_from_Commercial_IMU_Derived_Gait_Kinematics-2/gaitex_extra_tasks/marker_ik/erna_rd_rd_pronation_marker_ik_176.72_178.22.mot,151
erna,rgs,rgs_correct,32.533,34.033,,ok,/home/ilab/venv/OpenSim_Based_Estimation_of_Muscle_Tendon_Length_Trajectories_from_Commercial_IMU_Derived_Gait_Kinematics-2/gaitex_extra_tasks/marker_ik/erna_rgs_rgs_correct_marker_ik_32.53_34.03.mot,151
erna,rgs,rgs_flexion,117.055,118.555,,ok,/home/ilab/venv/OpenSim_Based_Estimation_of_Muscle_Tendon_Length_Trajectories_from_Commercial_IMU_Derived_Gait_Kinematics-2/gaitex_extra_tasks/marker_ik/erna_rgs_rgs_flexion_marker_ik_117.06_118.56.mot,151
erna,rgs,rgs_abduction,211.936,213.436,,ok,/home/ilab/venv/OpenSim_Based_Estimation_of_Muscle_Tendon_Length_Trajectories_from_Commercial_IMU_Derived_Gait_Kinematics-2/gaitex_extra_tasks/marker_ik/erna_rgs_rgs_abduction_marker_ik_211.94_213.44.mot,151
erna,rgs,rgs_stork,304.96,306.46,,ok,/home/ilab/venv/OpenSim_Based_Estimation_of_Muscle_Tendon_Length_Trajectories_from_Commercial_IMU_Derived_Gait_Kinematics-2/gaitex_extra_tasks/marker_ik/erna_rgs_rgs_stork_marker_ik_304.96_306.46.mot,151
etsuko,ng,ng_v0,4.79,6.29,3.04,ok,/home/ilab/venv/OpenSim_Based_Estimation_of_Muscle_Tendon_Length_Trajectories_from_Commercial_IMU_Derived_Gait_Kinematics-2/gaitex_extra_tasks/marker_ik/etsuko_ng_ng_v0_marker_ik_4.79_6.29.mot,151
etsuko,ng,ng_v1,37.81,39.31,3.56,ok,/home/ilab/venv/OpenSim_Based_Estimation_of_Muscle_Tendon_Length_Trajectories_from_Commercial_IMU_Derived_Gait_Kinematics-2/gaitex_extra_tasks/marker_ik/etsuko_ng_ng_v1_marker_ik_37.81_39.31.mot,151
etsuko,ng,ng_v2,69.97,71.47,4.09,ok,/home/ilab/venv/OpenSim_Based_Estimation_of_Muscle_Tendon_Length_Trajectories_from_Commercial_IMU_Derived_Gait_Kinematics-2/gaitex_extra_tasks/marker_ik/etsuko_ng_ng_v2_marker_ik_69.97_71.47.mot,151
etsuko,gwo,gwo_v0,5.29,6.79,3.05,ok,/home/ilab/venv/OpenSim_Based_Estimation_of_Muscle_Tendon_Length_Trajectories_from_Commercial_IMU_Derived_Gait_Kinematics-2/gaitex_extra_tasks/marker_ik/etsuko_gwo_gwo_v0_marker_ik_5.29_6.79.mot,151
etsuko,gwo,gwo_v1,37.1,38.6,3.55,ok,/home/ilab/venv/OpenSim_Based_Estimation_of_Muscle_Tendon_Length_Trajectories_from_Commercial_IMU_Derived_Gait_Kinematics-2/gaitex_extra_tasks/marker_ik/etsuko_gwo_gwo_v1_marker_ik_37.10_38.60.mot,151
etsuko,gwo,gwo_v2,70.53,72.03,4.08,ok,/home/ilab/venv/OpenSim_Based_Estimation_of_Muscle_Tendon_Length_Trajectories_from_Commercial_IMU_Derived_Gait_Kinematics-2/gaitex_extra_tasks/marker_ik/etsuko_gwo_gwo_v2_marker_ik_70.53_72.03.mot,151
etsuko,rd,rd_correct,36.75,38.25,,ok,/home/ilab/venv/OpenSim_Based_Estimation_of_Muscle_Tendon_Length_Trajectories_from_Commercial_IMU_Derived_Gait_Kinematics-2/gaitex_extra_tasks/marker_ik/etsuko_rd_rd_correct_marker_ik_36.75_38.25.mot,151
etsuko,rd,rd_toes,72.565,74.065,,ok,/home/ilab/venv/OpenSim_Based_Estimation_of_Muscle_Tendon_Length_Trajectories_from_Commercial_IMU_Derived_Gait_Kinematics-2/gaitex_extra_tasks/marker_ik/etsuko_rd_rd_toes_marker_ik_72.56_74.06.mot,151
etsuko,rd,rd_supination,116.359,117.859,,ok,/home/ilab/venv/OpenSim_Based_Estimation_of_Muscle_Tendon_Length_Trajectories_from_Commercial_IMU_Derived_Gait_Kinematics-2/gaitex_extra_tasks/marker_ik/etsuko_rd_rd_supination_marker_ik_116.36_117.86.mot,151
etsuko,rd,rd_pronation,170.354,171.854,,ok,/home/ilab/venv/OpenSim_Based_Estimation_of_Muscle_Tendon_Length_Trajectories_from_Commercial_IMU_Derived_Gait_Kinematics-2/gaitex_extra_tasks/marker_ik/etsuko_rd_rd_pronation_marker_ik_170.35_171.85.mot,151
etsuko,rgs,rgs_correct,28.179,29.679,,ok,/home/ilab/venv/OpenSim_Based_Estimation_of_Muscle_Tendon_Length_Trajectories_from_Commercial_IMU_Derived_Gait_Kinematics-2/gaitex_extra_tasks/marker_ik/etsuko_rgs_rgs_correct_marker_ik_28.18_29.68.mot,151
etsuko,rgs,rgs_flexion,114.357,115.857,,ok,/home/ilab/venv/OpenSim_Based_Estimation_of_Muscle_Tendon_Length_Trajectories_from_Commercial_IMU_Derived_Gait_Kinematics-2/gaitex_extra_tasks/marker_ik/etsuko_rgs_rgs_flexion_marker_ik_114.36_115.86.mot,151
etsuko,rgs,rgs_abduction,178.981,180.481,,ok,/home/ilab/venv/OpenSim_Based_Estimation_of_Muscle_Tendon_Length_Trajectories_from_Commercial_IMU_Derived_Gait_Kinematics-2/gaitex_extra_tasks/marker_ik/etsuko_rgs_rgs_abduction_marker_ik_178.98_180.48.mot,151
etsuko,rgs,rgs_stork,296.169,297.669,,ok,/home/ilab/venv/OpenSim_Based_Estimation_of_Muscle_Tendon_Length_Trajectories_from_Commercial_IMU_Derived_Gait_Kinematics-2/gaitex_extra_tasks/marker_ik/etsuko_rgs_rgs_stork_marker_ik_296.17_297.67.mot,151
gregers,ng,ng_v0,5.58,7.08,3.05,ok,/home/ilab/venv/OpenSim_Based_Estimation_of_Muscle_Tendon_Length_Trajectories_from_Commercial_IMU_Derived_Gait_Kinematics-2/gaitex_extra_tasks/marker_ik/gregers_ng_ng_v0_marker_ik_5.58_7.08.mot,151
gregers,ng,ng_v1,81.5,83.0,3.59,ok,/home/ilab/venv/OpenSim_Based_Estimation_of_Muscle_Tendon_Length_Trajectories_from_Commercial_IMU_Derived_Gait_Kinematics-2/gaitex_extra_tasks/marker_ik/gregers_ng_ng_v1_marker_ik_81.50_83.00.mot,151
gregers,ng,ng_v2,101.54,103.04,4.09,ok,/home/ilab/venv/OpenSim_Based_Estimation_of_Muscle_Tendon_Length_Trajectories_from_Commercial_IMU_Derived_Gait_Kinematics-2/gaitex_extra_tasks/marker_ik/gregers_ng_ng_v2_marker_ik_101.54_103.04.mot,151
gregers,gwo,gwo_v0,4.15,5.65,3.04,ok,/home/ilab/venv/OpenSim_Based_Estimation_of_Muscle_Tendon_Length_Trajectories_from_Commercial_IMU_Derived_Gait_Kinematics-2/gaitex_extra_tasks/marker_ik/gregers_gwo_gwo_v0_marker_ik_4.15_5.65.mot,151
gregers,gwo,gwo_v1,36.76,38.26,3.56,ok,/home/ilab/venv/OpenSim_Based_Estimation_of_Muscle_Tendon_Length_Trajectories_from_Commercial_IMU_Derived_Gait_Kinematics-2/gaitex_extra_tasks/marker_ik/gregers_gwo_gwo_v1_marker_ik_36.76_38.26.mot,151
gregers,gwo,gwo_v2,66.39,67.89,4.07,ok,/home/ilab/venv/OpenSim_Based_Estimation_of_Muscle_Tendon_Length_Trajectories_from_Commercial_IMU_Derived_Gait_Kinematics-2/gaitex_extra_tasks/marker_ik/gregers_gwo_gwo_v2_marker_ik_66.39_67.89.mot,151
gregers,rd,rd_correct,23.099,24.599,,ok,/home/ilab/venv/OpenSim_Based_Estimation_of_Muscle_Tendon_Length_Trajectories_from_Commercial_IMU_Derived_Gait_Kinematics-2/gaitex_extra_tasks/marker_ik/gregers_rd_rd_correct_marker_ik_23.10_24.60.mot,151
gregers,rd,rd_toes,63.724,65.22399999999999,,ok,/home/ilab/venv/OpenSim_Based_Estimation_of_Muscle_Tendon_Length_Trajectories_from_Commercial_IMU_Derived_Gait_Kinematics-2/gaitex_extra_tasks/marker_ik/gregers_rd_rd_toes_marker_ik_63.72_65.22.mot,151
gregers,rd,rd_supination,101.907,103.407,,ok,/home/ilab/venv/OpenSim_Based_Estimation_of_Muscle_Tendon_Length_Trajectories_from_Commercial_IMU_Derived_Gait_Kinematics-2/gaitex_extra_tasks/marker_ik/gregers_rd_rd_supination_marker_ik_101.91_103.41.mot,151
gregers,rd,rd_pronation,148.038,149.538,,ok,/home/ilab/venv/OpenSim_Based_Estimation_of_Muscle_Tendon_Length_Trajectories_from_Commercial_IMU_Derived_Gait_Kinematics-2/gaitex_extra_tasks/marker_ik/gregers_rd_rd_pronation_marker_ik_148.04_149.54.mot,151
gregers,rgs,rgs_correct,18.073,19.573,,ok,/home/ilab/venv/OpenSim_Based_Estimation_of_Muscle_Tendon_Length_Trajectories_from_Commercial_IMU_Derived_Gait_Kinematics-2/gaitex_extra_tasks/marker_ik/gregers_rgs_rgs_correct_marker_ik_18.07_19.57.mot,151
gregers,rgs,rgs_flexion,92.002,93.502,,ok,/home/ilab/venv/OpenSim_Based_Estimation_of_Muscle_Tendon_Length_Trajectories_from_Commercial_IMU_Derived_Gait_Kinematics-2/gaitex_extra_tasks/marker_ik/gregers_rgs_rgs_flexion_marker_ik_92.00_93.50.mot,151
gregers,rgs,rgs_abduction,171.819,173.319,,ok,/home/ilab/venv/OpenSim_Based_Estimation_of_Muscle_Tendon_Length_Trajectories_from_Commercial_IMU_Derived_Gait_Kinematics-2/gaitex_extra_tasks/marker_ik/gregers_rgs_rgs_abduction_marker_ik_171.82_173.32.mot,151
gregers,rgs,rgs_stork,253.105,254.605,,ok,/home/ilab/venv/OpenSim_Based_Estimation_of_Muscle_Tendon_Length_Trajectories_from_Commercial_IMU_Derived_Gait_Kinematics-2/gaitex_extra_tasks/marker_ik/gregers_rgs_rgs_stork_marker_ik_253.10_254.60.mot,151
hamit,ng,ng_v0,13.28,14.78,4.07,ok,/home/ilab/venv/OpenSim_Based_Estimation_of_Muscle_Tendon_Length_Trajectories_from_Commercial_IMU_Derived_Gait_Kinematics-2/gaitex_extra_tasks/marker_ik/hamit_ng_ng_v0_marker_ik_13.28_14.78.mot,151
hamit,ng,ng_v1,45.56,47.06,4.59,ok,/home/ilab/venv/OpenSim_Based_Estimation_of_Muscle_Tendon_Length_Trajectories_from_Commercial_IMU_Derived_Gait_Kinematics-2/gaitex_extra_tasks/marker_ik/hamit_ng_ng_v1_marker_ik_45.56_47.06.mot,151
hamit,ng,ng_v2,75.55,77.05,5.13,ok,/home/ilab/venv/OpenSim_Based_Estimation_of_Muscle_Tendon_Length_Trajectories_from_Commercial_IMU_Derived_Gait_Kinematics-2/gaitex_extra_tasks/marker_ik/hamit_ng_ng_v2_marker_ik_75.55_77.05.mot,151
hamit,gwo,gwo_v0,8.13,9.63,4.08,ok,/home/ilab/venv/OpenSim_Based_Estimation_of_Muscle_Tendon_Length_Trajectories_from_Commercial_IMU_Derived_Gait_Kinematics-2/gaitex_extra_tasks/marker_ik/hamit_gwo_gwo_v0_marker_ik_8.13_9.63.mot,151
hamit,gwo,gwo_v1,49.29,50.79,4.6,ok,/home/ilab/venv/OpenSim_Based_Estimation_of_Muscle_Tendon_Length_Trajectories_from_Commercial_IMU_Derived_Gait_Kinematics-2/gaitex_extra_tasks/marker_ik/hamit_gwo_gwo_v1_marker_ik_49.29_50.79.mot,151
hamit,gwo,gwo_v2,78.95,80.45,5.14,ok,/home/ilab/venv/OpenSim_Based_Estimation_of_Muscle_Tendon_Length_Trajectories_from_Commercial_IMU_Derived_Gait_Kinematics-2/gaitex_extra_tasks/marker_ik/hamit_gwo_gwo_v2_marker_ik_78.95_80.45.mot,151
hamit,rd,rd_correct,39.659,41.159,,ok,/home/ilab/venv/OpenSim_Based_Estimation_of_Muscle_Tendon_Length_Trajectories_from_Commercial_IMU_Derived_Gait_Kinematics-2/gaitex_extra_tasks/marker_ik/hamit_rd_rd_correct_marker_ik_39.66_41.16.mot,151
hamit,rd,rd_toes,102.484,103.984,,ok,/home/ilab/venv/OpenSim_Based_Estimation_of_Muscle_Tendon_Length_Trajectories_from_Commercial_IMU_Derived_Gait_Kinematics-2/gaitex_extra_tasks/marker_ik/hamit_rd_rd_toes_marker_ik_102.48_103.98.mot,151
hamit,rd,rd_supination,162.66,164.16,,ok,/home/ilab/venv/OpenSim_Based_Estimation_of_Muscle_Tendon_Length_Trajectories_from_Commercial_IMU_Derived_Gait_Kinematics-2/gaitex_extra_tasks/marker_ik/hamit_rd_rd_supination_marker_ik_162.66_164.16.mot,151
hamit,rd,rd_pronation,225.099,226.599,,ok,/home/ilab/venv/OpenSim_Based_Estimation_of_Muscle_Tendon_Length_Trajectories_from_Commercial_IMU_Derived_Gait_Kinematics-2/gaitex_extra_tasks/marker_ik/hamit_rd_rd_pronation_marker_ik_225.10_226.60.mot,151
hamit,rgs,rgs_correct,14.013,15.513,,ok,/home/ilab/venv/OpenSim_Based_Estimation_of_Muscle_Tendon_Length_Trajectories_from_Commercial_IMU_Derived_Gait_Kinematics-2/gaitex_extra_tasks/marker_ik/hamit_rgs_rgs_correct_marker_ik_14.01_15.51.mot,151
hamit,rgs,rgs_flexion,83.779,85.279,,ok,/home/ilab/venv/OpenSim_Based_Estimation_of_Muscle_Tendon_Length_Trajectories_from_Commercial_IMU_Derived_Gait_Kinematics-2/gaitex_extra_tasks/marker_ik/hamit_rgs_rgs_flexion_marker_ik_83.78_85.28.mot,151
hamit,rgs,rgs_abduction,166.531,168.031,,ok,/home/ilab/venv/OpenSim_Based_Estimation_of_Muscle_Tendon_Length_Trajectories_from_Commercial_IMU_Derived_Gait_Kinematics-2/gaitex_extra_tasks/marker_ik/hamit_rgs_rgs_abduction_marker_ik_166.53_168.03.mot,151
hamit,rgs,rgs_stork,258.527,260.027,,ok,/home/ilab/venv/OpenSim_Based_Estimation_of_Muscle_Tendon_Length_Trajectories_from_Commercial_IMU_Derived_Gait_Kinematics-2/gaitex_extra_tasks/marker_ik/hamit_rgs_rgs_stork_marker_ik_258.53_260.03.mot,151
hans,rd,rd_correct,44.847,46.347,,ok,/home/ilab/venv/OpenSim_Based_Estimation_of_Muscle_Tendon_Length_Trajectories_from_Commercial_IMU_Derived_Gait_Kinematics-2/gaitex_extra_tasks/marker_ik/hans_rd_rd_correct_marker_ik_44.85_46.35.mot,151
hans,rd,rd_toes,86.926,88.426,,ok,/home/ilab/venv/OpenSim_Based_Estimation_of_Muscle_Tendon_Length_Trajectories_from_Commercial_IMU_Derived_Gait_Kinematics-2/gaitex_extra_tasks/marker_ik/hans_rd_rd_toes_marker_ik_86.93_88.43.mot,151
hans,rd,rd_supination,143.809,145.309,,ok,/home/ilab/venv/OpenSim_Based_Estimation_of_Muscle_Tendon_Length_Trajectories_from_Commercial_IMU_Derived_Gait_Kinematics-2/gaitex_extra_tasks/marker_ik/hans_rd_rd_supination_marker_ik_143.81_145.31.mot,151
hans,rd,rd_pronation,198.522,200.022,,ok,/home/ilab/venv/OpenSim_Based_Estimation_of_Muscle_Tendon_Length_Trajectories_from_Commercial_IMU_Derived_Gait_Kinematics-2/gaitex_extra_tasks/marker_ik/hans_rd_rd_pronation_marker_ik_198.52_200.02.mot,151
julia,ng,ng_v0,7.43,8.93,3.05,ok,/home/ilab/venv/OpenSim_Based_Estimation_of_Muscle_Tendon_Length_Trajectories_from_Commercial_IMU_Derived_Gait_Kinematics-2/gaitex_extra_tasks/marker_ik/julia_ng_ng_v0_marker_ik_7.43_8.93.mot,151
julia,ng,ng_v1,37.49,38.99,3.56,ok,/home/ilab/venv/OpenSim_Based_Estimation_of_Muscle_Tendon_Length_Trajectories_from_Commercial_IMU_Derived_Gait_Kinematics-2/gaitex_extra_tasks/marker_ik/julia_ng_ng_v1_marker_ik_37.49_38.99.mot,151
julia,ng,ng_v2,67.63,69.13,4.04,ok,/home/ilab/venv/OpenSim_Based_Estimation_of_Muscle_Tendon_Length_Trajectories_from_Commercial_IMU_Derived_Gait_Kinematics-2/gaitex_extra_tasks/marker_ik/julia_ng_ng_v2_marker_ik_67.63_69.13.mot,151
julia,gwo,gwo_v0,6.63,8.129999999999999,3.05,ok,/home/ilab/venv/OpenSim_Based_Estimation_of_Muscle_Tendon_Length_Trajectories_from_Commercial_IMU_Derived_Gait_Kinematics-2/gaitex_extra_tasks/marker_ik/julia_gwo_gwo_v0_marker_ik_6.63_8.13.mot,151
julia,gwo,gwo_v1,38.22,39.72,3.58,ok,/home/ilab/venv/OpenSim_Based_Estimation_of_Muscle_Tendon_Length_Trajectories_from_Commercial_IMU_Derived_Gait_Kinematics-2/gaitex_extra_tasks/marker_ik/julia_gwo_gwo_v1_marker_ik_38.22_39.72.mot,151
julia,gwo,gwo_v2,67.79,69.29,4.04,ok,/home/ilab/venv/OpenSim_Based_Estimation_of_Muscle_Tendon_Length_Trajectories_from_Commercial_IMU_Derived_Gait_Kinematics-2/gaitex_extra_tasks/marker_ik/julia_gwo_gwo_v2_marker_ik_67.79_69.29.mot,151
julia,rd,rd_correct,35.717,37.217,,ok,/home/ilab/venv/OpenSim_Based_Estimation_of_Muscle_Tendon_Length_Trajectories_from_Commercial_IMU_Derived_Gait_Kinematics-2/gaitex_extra_tasks/marker_ik/julia_rd_rd_correct_marker_ik_35.72_37.22.mot,151
julia,rd,rd_toes,69.278,70.778,,ok,/home/ilab/venv/OpenSim_Based_Estimation_of_Muscle_Tendon_Length_Trajectories_from_Commercial_IMU_Derived_Gait_Kinematics-2/gaitex_extra_tasks/marker_ik/julia_rd_rd_toes_marker_ik_69.28_70.78.mot,151
julia,rd,rd_supination,111.315,112.815,,ok,/home/ilab/venv/OpenSim_Based_Estimation_of_Muscle_Tendon_Length_Trajectories_from_Commercial_IMU_Derived_Gait_Kinematics-2/gaitex_extra_tasks/marker_ik/julia_rd_rd_supination_marker_ik_111.31_112.81.mot,151
julia,rd,rd_pronation,152.091,153.591,,ok,/home/ilab/venv/OpenSim_Based_Estimation_of_Muscle_Tendon_Length_Trajectories_from_Commercial_IMU_Derived_Gait_Kinematics-2/gaitex_extra_tasks/marker_ik/julia_rd_rd_pronation_marker_ik_152.09_153.59.mot,151
julia,rgs,rgs_correct,17.225,18.725,,ok,/home/ilab/venv/OpenSim_Based_Estimation_of_Muscle_Tendon_Length_Trajectories_from_Commercial_IMU_Derived_Gait_Kinematics-2/gaitex_extra_tasks/marker_ik/julia_rgs_rgs_correct_marker_ik_17.23_18.73.mot,151
julia,rgs,rgs_flexion,74.781,76.281,,ok,/home/ilab/venv/OpenSim_Based_Estimation_of_Muscle_Tendon_Length_Trajectories_from_Commercial_IMU_Derived_Gait_Kinematics-2/gaitex_extra_tasks/marker_ik/julia_rgs_rgs_flexion_marker_ik_74.78_76.28.mot,151
julia,rgs,rgs_abduction,140.561,142.061,,ok,/home/ilab/venv/OpenSim_Based_Estimation_of_Muscle_Tendon_Length_Trajectories_from_Commercial_IMU_Derived_Gait_Kinematics-2/gaitex_extra_tasks/marker_ik/julia_rgs_rgs_abduction_marker_ik_140.56_142.06.mot,151
julia,rgs,rgs_stork,247.829,249.329,,ok,/home/ilab/venv/OpenSim_Based_Estimation_of_Muscle_Tendon_Length_Trajectories_from_Commercial_IMU_Derived_Gait_Kinematics-2/gaitex_extra_tasks/marker_ik/julia_rgs_rgs_stork_marker_ik_247.83_249.33.mot,151
jung-hee,ng,ng_v0,5.71,7.21,3.58,ok,/home/ilab/venv/OpenSim_Based_Estimation_of_Muscle_Tendon_Length_Trajectories_from_Commercial_IMU_Derived_Gait_Kinematics-2/gaitex_extra_tasks/marker_ik/jung-hee_ng_ng_v0_marker_ik_5.71_7.21.mot,151
jung-hee,ng,ng_v1,40.08,41.58,4.08,ok,/home/ilab/venv/OpenSim_Based_Estimation_of_Muscle_Tendon_Length_Trajectories_from_Commercial_IMU_Derived_Gait_Kinematics-2/gaitex_extra_tasks/marker_ik/jung-hee_ng_ng_v1_marker_ik_40.08_41.58.mot,151
jung-hee,ng,ng_v2,69.7,71.2,4.6,ok,/home/ilab/venv/OpenSim_Based_Estimation_of_Muscle_Tendon_Length_Trajectories_from_Commercial_IMU_Derived_Gait_Kinematics-2/gaitex_extra_tasks/marker_ik/jung-hee_ng_ng_v2_marker_ik_69.70_71.20.mot,151
jung-hee,gwo,gwo_v0,6.8,8.3,3.6,ok,/home/ilab/venv/OpenSim_Based_Estimation_of_Muscle_Tendon_Length_Trajectories_from_Commercial_IMU_Derived_Gait_Kinematics-2/gaitex_extra_tasks/marker_ik/jung-hee_gwo_gwo_v0_marker_ik_6.80_8.30.mot,151
jung-hee,gwo,gwo_v1,48.96,50.46,4.1,ok,/home/ilab/venv/OpenSim_Based_Estimation_of_Muscle_Tendon_Length_Trajectories_from_Commercial_IMU_Derived_Gait_Kinematics-2/gaitex_extra_tasks/marker_ik/jung-hee_gwo_gwo_v1_marker_ik_48.96_50.46.mot,151
jung-hee,gwo,gwo_v2,76.76,78.26,4.58,ok,/home/ilab/venv/OpenSim_Based_Estimation_of_Muscle_Tendon_Length_Trajectories_from_Commercial_IMU_Derived_Gait_Kinematics-2/gaitex_extra_tasks/marker_ik/jung-hee_gwo_gwo_v2_marker_ik_76.76_78.26.mot,151
jung-hee,rd,rd_correct,25.024,26.524,,ok,/home/ilab/venv/OpenSim_Based_Estimation_of_Muscle_Tendon_Length_Trajectories_from_Commercial_IMU_Derived_Gait_Kinematics-2/gaitex_extra_tasks/marker_ik/jung-hee_rd_rd_correct_marker_ik_25.02_26.52.mot,151
jung-hee,rd,rd_toes,69.466,70.966,,ok,/home/ilab/venv/OpenSim_Based_Estimation_of_Muscle_Tendon_Length_Trajectories_from_Commercial_IMU_Derived_Gait_Kinematics-2/gaitex_extra_tasks/marker_ik/jung-hee_rd_rd_toes_marker_ik_69.47_70.97.mot,151
jung-hee,rd,rd_supination,115.444,116.944,,ok,/home/ilab/venv/OpenSim_Based_Estimation_of_Muscle_Tendon_Length_Trajectories_from_Commercial_IMU_Derived_Gait_Kinematics-2/gaitex_extra_tasks/marker_ik/jung-hee_rd_rd_supination_marker_ik_115.44_116.94.mot,151
jung-hee,rd,rd_pronation,163.919,165.419,,ok,/home/ilab/venv/OpenSim_Based_Estimation_of_Muscle_Tendon_Length_Trajectories_from_Commercial_IMU_Derived_Gait_Kinematics-2/gaitex_extra_tasks/marker_ik/jung-hee_rd_rd_pronation_marker_ik_163.92_165.42.mot,151
jung-hee,rgs,rgs_correct,14.888,16.387999999999998,,ok,/home/ilab/venv/OpenSim_Based_Estimation_of_Muscle_Tendon_Length_Trajectories_from_Commercial_IMU_Derived_Gait_Kinematics-2/gaitex_extra_tasks/marker_ik/jung-hee_rgs_rgs_correct_marker_ik_14.89_16.39.mot,151
jung-hee,rgs,rgs_flexion,82.204,83.704,,ok,/home/ilab/venv/OpenSim_Based_Estimation_of_Muscle_Tendon_Length_Trajectories_from_Commercial_IMU_Derived_Gait_Kinematics-2/gaitex_extra_tasks/marker_ik/jung-hee_rgs_rgs_flexion_marker_ik_82.20_83.70.mot,151
jung-hee,rgs,rgs_abduction,161.157,162.657,,ok,/home/ilab/venv/OpenSim_Based_Estimation_of_Muscle_Tendon_Length_Trajectories_from_Commercial_IMU_Derived_Gait_Kinematics-2/gaitex_extra_tasks/marker_ik/jung-hee_rgs_rgs_abduction_marker_ik_161.16_162.66.mot,151
jung-hee,rgs,rgs_stork,235.729,237.229,,ok,/home/ilab/venv/OpenSim_Based_Estimation_of_Muscle_Tendon_Length_Trajectories_from_Commercial_IMU_Derived_Gait_Kinematics-2/gaitex_extra_tasks/marker_ik/jung-hee_rgs_rgs_stork_marker_ik_235.73_237.23.mot,151
katee,ng,ng_v0,5.43,6.93,3.05,ok,/home/ilab/venv/OpenSim_Based_Estimation_of_Muscle_Tendon_Length_Trajectories_from_Commercial_IMU_Derived_Gait_Kinematics-2/gaitex_extra_tasks/marker_ik/katee_ng_ng_v0_marker_ik_5.43_6.93.mot,151
katee,ng,ng_v1,36.57,38.07,3.57,ok,/home/ilab/venv/OpenSim_Based_Estimation_of_Muscle_Tendon_Length_Trajectories_from_Commercial_IMU_Derived_Gait_Kinematics-2/gaitex_extra_tasks/marker_ik/katee_ng_ng_v1_marker_ik_36.57_38.07.mot,151
katee,ng,ng_v2,68.29,69.79,4.05,ok,/home/ilab/venv/OpenSim_Based_Estimation_of_Muscle_Tendon_Length_Trajectories_from_Commercial_IMU_Derived_Gait_Kinematics-2/gaitex_extra_tasks/marker_ik/katee_ng_ng_v2_marker_ik_68.29_69.79.mot,151
katee,gwo,gwo_v0,5.88,7.38,3.04,ok,/home/ilab/venv/OpenSim_Based_Estimation_of_Muscle_Tendon_Length_Trajectories_from_Commercial_IMU_Derived_Gait_Kinematics-2/gaitex_extra_tasks/marker_ik/katee_gwo_gwo_v0_marker_ik_5.88_7.38.mot,151
katee,gwo,gwo_v1,40.62,42.12,3.57,ok,/home/ilab/venv/OpenSim_Based_Estimation_of_Muscle_Tendon_Length_Trajectories_from_Commercial_IMU_Derived_Gait_Kinematics-2/gaitex_extra_tasks/marker_ik/katee_gwo_gwo_v1_marker_ik_40.62_42.12.mot,151
katee,gwo,gwo_v2,70.46,71.96,4.06,ok,/home/ilab/venv/OpenSim_Based_Estimation_of_Muscle_Tendon_Length_Trajectories_from_Commercial_IMU_Derived_Gait_Kinematics-2/gaitex_extra_tasks/marker_ik/katee_gwo_gwo_v2_marker_ik_70.46_71.96.mot,151
katee,rd,rd_correct,48.917,50.417,,ok,/home/ilab/venv/OpenSim_Based_Estimation_of_Muscle_Tendon_Length_Trajectories_from_Commercial_IMU_Derived_Gait_Kinematics-2/gaitex_extra_tasks/marker_ik/katee_rd_rd_correct_marker_ik_48.92_50.42.mot,151
katee,rd,rd_toes,97.308,98.808,,ok,/home/ilab/venv/OpenSim_Based_Estimation_of_Muscle_Tendon_Length_Trajectories_from_Commercial_IMU_Derived_Gait_Kinematics-2/gaitex_extra_tasks/marker_ik/katee_rd_rd_toes_marker_ik_97.31_98.81.mot,151
katee,rd,rd_supination,147.473,148.973,,ok,/home/ilab/venv/OpenSim_Based_Estimation_of_Muscle_Tendon_Length_Trajectories_from_Commercial_IMU_Derived_Gait_Kinematics-2/gaitex_extra_tasks/marker_ik/katee_rd_rd_supination_marker_ik_147.47_148.97.mot,151
katee,rd,rd_pronation,186.39,187.89,,ok,/home/ilab/venv/OpenSim_Based_Estimation_of_Muscle_Tendon_Length_Trajectories_from_Commercial_IMU_Derived_Gait_Kinematics-2/gaitex_extra_tasks/marker_ik/katee_rd_rd_pronation_marker_ik_186.39_187.89.mot,151
katee,rgs,rgs_correct,19.536,21.036,,ok,/home/ilab/venv/OpenSim_Based_Estimation_of_Muscle_Tendon_Length_Trajectories_from_Commercial_IMU_Derived_Gait_Kinematics-2/gaitex_extra_tasks/marker_ik/katee_rgs_rgs_correct_marker_ik_19.54_21.04.mot,151
katee,rgs,rgs_flexion,117.015,118.515,,ok,/home/ilab/venv/OpenSim_Based_Estimation_of_Muscle_Tendon_Length_Trajectories_from_Commercial_IMU_Derived_Gait_Kinematics-2/gaitex_extra_tasks/marker_ik/katee_rgs_rgs_flexion_marker_ik_117.02_118.52.mot,151
katee,rgs,rgs_abduction,215.945,217.445,,ok,/home/ilab/venv/OpenSim_Based_Estimation_of_Muscle_Tendon_Length_Trajectories_from_Commercial_IMU_Derived_Gait_Kinematics-2/gaitex_extra_tasks/marker_ik/katee_rgs_rgs_abduction_marker_ik_215.94_217.44.mot,151
katee,rgs,rgs_stork,286.172,287.672,,ok,/home/ilab/venv/OpenSim_Based_Estimation_of_Muscle_Tendon_Length_Trajectories_from_Commercial_IMU_Derived_Gait_Kinematics-2/gaitex_extra_tasks/marker_ik/katee_rgs_rgs_stork_marker_ik_286.17_287.67.mot,151
latifah,ng,ng_v0,9.42,10.92,3.58,ok,/home/ilab/venv/OpenSim_Based_Estimation_of_Muscle_Tendon_Length_Trajectories_from_Commercial_IMU_Derived_Gait_Kinematics-2/gaitex_extra_tasks/marker_ik/latifah_ng_ng_v0_marker_ik_9.42_10.92.mot,151
latifah,ng,ng_v1,84.35,85.85,4.08,ok,/home/ilab/venv/OpenSim_Based_Estimation_of_Muscle_Tendon_Length_Trajectories_from_Commercial_IMU_Derived_Gait_Kinematics-2/gaitex_extra_tasks/marker_ik/latifah_ng_ng_v1_marker_ik_84.35_85.85.mot,151
latifah,ng,ng_v2,148.16,149.66,4.6,ok,/home/ilab/venv/OpenSim_Based_Estimation_of_Muscle_Tendon_Length_Trajectories_from_Commercial_IMU_Derived_Gait_Kinematics-2/gaitex_extra_tasks/marker_ik/latifah_ng_ng_v2_marker_ik_148.16_149.66.mot,151
latifah,gwo,gwo_v0,17.19,18.69,3.57,ok,/home/ilab/venv/OpenSim_Based_Estimation_of_Muscle_Tendon_Length_Trajectories_from_Commercial_IMU_Derived_Gait_Kinematics-2/gaitex_extra_tasks/marker_ik/latifah_gwo_gwo_v0_marker_ik_17.19_18.69.mot,151
latifah,gwo,gwo_v1,86.88,88.38,4.09,ok,/home/ilab/venv/OpenSim_Based_Estimation_of_Muscle_Tendon_Length_Trajectories_from_Commercial_IMU_Derived_Gait_Kinematics-2/gaitex_extra_tasks/marker_ik/latifah_gwo_gwo_v1_marker_ik_86.88_88.38.mot,151
latifah,gwo,gwo_v2,148.26,149.76,4.61,ok,/home/ilab/venv/OpenSim_Based_Estimation_of_Muscle_Tendon_Length_Trajectories_from_Commercial_IMU_Derived_Gait_Kinematics-2/gaitex_extra_tasks/marker_ik/latifah_gwo_gwo_v2_marker_ik_148.26_149.76.mot,151
latifah,rd,rd_correct,39.703,41.203,,ok,/home/ilab/venv/OpenSim_Based_Estimation_of_Muscle_Tendon_Length_Trajectories_from_Commercial_IMU_Derived_Gait_Kinematics-2/gaitex_extra_tasks/marker_ik/latifah_rd_rd_correct_marker_ik_39.70_41.20.mot,151
latifah,rd,rd_toes,77.509,79.009,,ok,/home/ilab/venv/OpenSim_Based_Estimation_of_Muscle_Tendon_Length_Trajectories_from_Commercial_IMU_Derived_Gait_Kinematics-2/gaitex_extra_tasks/marker_ik/latifah_rd_rd_toes_marker_ik_77.51_79.01.mot,151
latifah,rd,rd_supination,127.598,129.098,,ok,/home/ilab/venv/OpenSim_Based_Estimation_of_Muscle_Tendon_Length_Trajectories_from_Commercial_IMU_Derived_Gait_Kinematics-2/gaitex_extra_tasks/marker_ik/latifah_rd_rd_supination_marker_ik_127.60_129.10.mot,151
latifah,rd,rd_pronation,185.522,187.022,,ok,/home/ilab/venv/OpenSim_Based_Estimation_of_Muscle_Tendon_Length_Trajectories_from_Commercial_IMU_Derived_Gait_Kinematics-2/gaitex_extra_tasks/marker_ik/latifah_rd_rd_pronation_marker_ik_185.52_187.02.mot,151
latifah,rgs,rgs_correct,9.238,10.738,,ok,/home/ilab/venv/OpenSim_Based_Estimation_of_Muscle_Tendon_Length_Trajectories_from_Commercial_IMU_Derived_Gait_Kinematics-2/gaitex_extra_tasks/marker_ik/latifah_rgs_rgs_correct_marker_ik_9.24_10.74.mot,151
latifah,rgs,rgs_flexion,115.853,117.353,,ok,/home/ilab/venv/OpenSim_Based_Estimation_of_Muscle_Tendon_Length_Trajectories_from_Commercial_IMU_Derived_Gait_Kinematics-2/gaitex_extra_tasks/marker_ik/latifah_rgs_rgs_flexion_marker_ik_115.85_117.35.mot,151
latifah,rgs,rgs_abduction,200.145,201.645,,ok,/home/ilab/venv/OpenSim_Based_Estimation_of_Muscle_Tendon_Length_Trajectories_from_Commercial_IMU_Derived_Gait_Kinematics-2/gaitex_extra_tasks/marker_ik/latifah_rgs_rgs_abduction_marker_ik_200.15_201.65.mot,151
latifah,rgs,rgs_stork,308.083,309.583,,ok,/home/ilab/venv/OpenSim_Based_Estimation_of_Muscle_Tendon_Length_Trajectories_from_Commercial_IMU_Derived_Gait_Kinematics-2/gaitex_extra_tasks/marker_ik/latifah_rgs_rgs_stork_marker_ik_308.08_309.58.mot,151
laurel,ng,ng_v0,3.89,5.390000000000001,3.06,ok,/home/ilab/venv/OpenSim_Based_Estimation_of_Muscle_Tendon_Length_Trajectories_from_Commercial_IMU_Derived_Gait_Kinematics-2/gaitex_extra_tasks/marker_ik/laurel_ng_ng_v0_marker_ik_3.89_5.39.mot,151
laurel,ng,ng_v1,31.84,33.34,3.56,ok,/home/ilab/venv/OpenSim_Based_Estimation_of_Muscle_Tendon_Length_Trajectories_from_Commercial_IMU_Derived_Gait_Kinematics-2/gaitex_extra_tasks/marker_ik/laurel_ng_ng_v1_marker_ik_31.84_33.34.mot,151
laurel,ng,ng_v2,62.1,63.6,4.12,ok,/home/ilab/venv/OpenSim_Based_Estimation_of_Muscle_Tendon_Length_Trajectories_from_Commercial_IMU_Derived_Gait_Kinematics-2/gaitex_extra_tasks/marker_ik/laurel_ng_ng_v2_marker_ik_62.10_63.60.mot,151
laurel,gwo,gwo_v0,5.06,6.56,3.04,ok,/home/ilab/venv/OpenSim_Based_Estimation_of_Muscle_Tendon_Length_Trajectories_from_Commercial_IMU_Derived_Gait_Kinematics-2/gaitex_extra_tasks/marker_ik/laurel_gwo_gwo_v0_marker_ik_5.06_6.56.mot,151
laurel,gwo,gwo_v1,33.16,34.66,3.52,ok,/home/ilab/venv/OpenSim_Based_Estimation_of_Muscle_Tendon_Length_Trajectories_from_Commercial_IMU_Derived_Gait_Kinematics-2/gaitex_extra_tasks/marker_ik/laurel_gwo_gwo_v1_marker_ik_33.16_34.66.mot,151
laurel,gwo,gwo_v2,63.43,64.93,4.04,ok,/home/ilab/venv/OpenSim_Based_Estimation_of_Muscle_Tendon_Length_Trajectories_from_Commercial_IMU_Derived_Gait_Kinematics-2/gaitex_extra_tasks/marker_ik/laurel_gwo_gwo_v2_marker_ik_63.43_64.93.mot,151
laurel,rd,rd_correct,19.355,20.855,,ok,/home/ilab/venv/OpenSim_Based_Estimation_of_Muscle_Tendon_Length_Trajectories_from_Commercial_IMU_Derived_Gait_Kinematics-2/gaitex_extra_tasks/marker_ik/laurel_rd_rd_correct_marker_ik_19.36_20.86.mot,151
laurel,rd,rd_toes,58.709,60.209,,ok,/home/ilab/venv/OpenSim_Based_Estimation_of_Muscle_Tendon_Length_Trajectories_from_Commercial_IMU_Derived_Gait_Kinematics-2/gaitex_extra_tasks/marker_ik/laurel_rd_rd_toes_marker_ik_58.71_60.21.mot,151
laurel,rd,rd_supination,107.76,109.26,,ok,/home/ilab/venv/OpenSim_Based_Estimation_of_Muscle_Tendon_Length_Trajectories_from_Commercial_IMU_Derived_Gait_Kinematics-2/gaitex_extra_tasks/marker_ik/laurel_rd_rd_supination_marker_ik_107.76_109.26.mot,151
laurel,rd,rd_pronation,190.182,191.682,,ok,/home/ilab/venv/OpenSim_Based_Estimation_of_Muscle_Tendon_Length_Trajectories_from_Commercial_IMU_Derived_Gait_Kinematics-2/gaitex_extra_tasks/marker_ik/laurel_rd_rd_pronation_marker_ik_190.18_191.68.mot,151
laurel,rgs,rgs_correct,9.586,11.086,,ok,/home/ilab/venv/OpenSim_Based_Estimation_of_Muscle_Tendon_Length_Trajectories_from_Commercial_IMU_Derived_Gait_Kinematics-2/gaitex_extra_tasks/marker_ik/laurel_rgs_rgs_correct_marker_ik_9.59_11.09.mot,151
laurel,rgs,rgs_flexion,65.752,67.252,,ok,/home/ilab/venv/OpenSim_Based_Estimation_of_Muscle_Tendon_Length_Trajectories_from_Commercial_IMU_Derived_Gait_Kinematics-2/gaitex_extra_tasks/marker_ik/laurel_rgs_rgs_flexion_marker_ik_65.75_67.25.mot,151
laurel,rgs,rgs_abduction,126.252,127.752,,ok,/home/ilab/venv/OpenSim_Based_Estimation_of_Muscle_Tendon_Length_Trajectories_from_Commercial_IMU_Derived_Gait_Kinematics-2/gaitex_extra_tasks/marker_ik/laurel_rgs_rgs_abduction_marker_ik_126.25_127.75.mot,151
laurel,rgs,rgs_stork,199.164,200.664,,ok,/home/ilab/venv/OpenSim_Based_Estimation_of_Muscle_Tendon_Length_Trajectories_from_Commercial_IMU_Derived_Gait_Kinematics-2/gaitex_extra_tasks/marker_ik/laurel_rgs_rgs_stork_marker_ik_199.16_200.66.mot,151
marquise,ng,ng_v0,7.24,8.74,4.05,ok,/home/ilab/venv/OpenSim_Based_Estimation_of_Muscle_Tendon_Length_Trajectories_from_Commercial_IMU_Derived_Gait_Kinematics-2/gaitex_extra_tasks/marker_ik/marquise_ng_ng_v0_marker_ik_7.24_8.74.mot,151
marquise,ng,ng_v1,37.38,38.88,4.61,ok,/home/ilab/venv/OpenSim_Based_Estimation_of_Muscle_Tendon_Length_Trajectories_from_Commercial_IMU_Derived_Gait_Kinematics-2/gaitex_extra_tasks/marker_ik/marquise_ng_ng_v1_marker_ik_37.38_38.88.mot,151
marquise,ng,ng_v2,72.41,73.91,7.2,ok,/home/ilab/venv/OpenSim_Based_Estimation_of_Muscle_Tendon_Length_Trajectories_from_Commercial_IMU_Derived_Gait_Kinematics-2/gaitex_extra_tasks/marker_ik/marquise_ng_ng_v2_marker_ik_72.41_73.91.mot,151
marquise,ng,ng_v3,120.19,121.69,5.07,ok,/home/ilab/venv/OpenSim_Based_Estimation_of_Muscle_Tendon_Length_Trajectories_from_Commercial_IMU_Derived_Gait_Kinematics-2/gaitex_extra_tasks/marker_ik/marquise_ng_ng_v3_marker_ik_120.19_121.69.mot,151
marquise,gwo,gwo_v0,6.96,8.46,4.07,ok,/home/ilab/venv/OpenSim_Based_Estimation_of_Muscle_Tendon_Length_Trajectories_from_Commercial_IMU_Derived_Gait_Kinematics-2/gaitex_extra_tasks/marker_ik/marquise_gwo_gwo_v0_marker_ik_6.96_8.46.mot,151
marquise,gwo,gwo_v1,38.87,40.37,4.61,ok,/home/ilab/venv/OpenSim_Based_Estimation_of_Muscle_Tendon_Length_Trajectories_from_Commercial_IMU_Derived_Gait_Kinematics-2/gaitex_extra_tasks/marker_ik/marquise_gwo_gwo_v1_marker_ik_38.87_40.37.mot,151
marquise,gwo,gwo_v2,69.32,70.82,5.14,ok,/home/ilab/venv/OpenSim_Based_Estimation_of_Muscle_Tendon_Length_Trajectories_from_Commercial_IMU_Derived_Gait_Kinematics-2/gaitex_extra_tasks/marker_ik/marquise_gwo_gwo_v2_marker_ik_69.32_70.82.mot,151
marquise,rd,rd_correct,38.151,39.651,,ok,/home/ilab/venv/OpenSim_Based_Estimation_of_Muscle_Tendon_Length_Trajectories_from_Commercial_IMU_Derived_Gait_Kinematics-2/gaitex_extra_tasks/marker_ik/marquise_rd_rd_correct_marker_ik_38.15_39.65.mot,151
marquise,rd,rd_toes,84.796,86.296,,ok,/home/ilab/venv/OpenSim_Based_Estimation_of_Muscle_Tendon_Length_Trajectories_from_Commercial_IMU_Derived_Gait_Kinematics-2/gaitex_extra_tasks/marker_ik/marquise_rd_rd_toes_marker_ik_84.80_86.30.mot,151
marquise,rd,rd_supination,135.406,136.906,,ok,/home/ilab/venv/OpenSim_Based_Estimation_of_Muscle_Tendon_Length_Trajectories_from_Commercial_IMU_Derived_Gait_Kinematics-2/gaitex_extra_tasks/marker_ik/marquise_rd_rd_supination_marker_ik_135.41_136.91.mot,151
marquise,rd,rd_pronation,185.249,186.749,,ok,/home/ilab/venv/OpenSim_Based_Estimation_of_Muscle_Tendon_Length_Trajectories_from_Commercial_IMU_Derived_Gait_Kinematics-2/gaitex_extra_tasks/marker_ik/marquise_rd_rd_pronation_marker_ik_185.25_186.75.mot,151
marquise,rgs,rgs_correct,36.016,37.516,,ok,/home/ilab/venv/OpenSim_Based_Estimation_of_Muscle_Tendon_Length_Trajectories_from_Commercial_IMU_Derived_Gait_Kinematics-2/gaitex_extra_tasks/marker_ik/marquise_rgs_rgs_correct_marker_ik_36.02_37.52.mot,151
marquise,rgs,rgs_flexion,154.975,156.475,,ok,/home/ilab/venv/OpenSim_Based_Estimation_of_Muscle_Tendon_Length_Trajectories_from_Commercial_IMU_Derived_Gait_Kinematics-2/gaitex_extra_tasks/marker_ik/marquise_rgs_rgs_flexion_marker_ik_154.97_156.47.mot,151
marquise,rgs,rgs_abduction,249.839,251.339,,ok,/home/ilab/venv/OpenSim_Based_Estimation_of_Muscle_Tendon_Length_Trajectories_from_Commercial_IMU_Derived_Gait_Kinematics-2/gaitex_extra_tasks/marker_ik/marquise_rgs_rgs_abduction_marker_ik_249.84_251.34.mot,151
marquise,rgs,rgs_stork,344.681,346.181,,ok,/home/ilab/venv/OpenSim_Based_Estimation_of_Muscle_Tendon_Length_Trajectories_from_Commercial_IMU_Derived_Gait_Kinematics-2/gaitex_extra_tasks/marker_ik/marquise_rgs_rgs_stork_marker_ik_344.68_346.18.mot,151
neves,ng,ng_v0,32.37,33.87,3.49,ok,/home/ilab/venv/OpenSim_Based_Estimation_of_Muscle_Tendon_Length_Trajectories_from_Commercial_IMU_Derived_Gait_Kinematics-2/gaitex_extra_tasks/marker_ik/neves_ng_ng_v0_marker_ik_32.37_33.87.mot,151
neves,ng,ng_v1,91.24,92.74,4.03,ok,/home/ilab/venv/OpenSim_Based_Estimation_of_Muscle_Tendon_Length_Trajectories_from_Commercial_IMU_Derived_Gait_Kinematics-2/gaitex_extra_tasks/marker_ik/neves_ng_ng_v1_marker_ik_91.24_92.74.mot,151
neves,ng,ng_v2,160.53,162.03,4.48,ok,/home/ilab/venv/OpenSim_Based_Estimation_of_Muscle_Tendon_Length_Trajectories_from_Commercial_IMU_Derived_Gait_Kinematics-2/gaitex_extra_tasks/marker_ik/neves_ng_ng_v2_marker_ik_160.53_162.03.mot,151
neves,gwo,gwo_v0,6.43,7.93,3.58,ok,/home/ilab/venv/OpenSim_Based_Estimation_of_Muscle_Tendon_Length_Trajectories_from_Commercial_IMU_Derived_Gait_Kinematics-2/gaitex_extra_tasks/marker_ik/neves_gwo_gwo_v0_marker_ik_6.43_7.93.mot,151
neves,gwo,gwo_v1,44.71,46.21,4.05,ok,/home/ilab/venv/OpenSim_Based_Estimation_of_Muscle_Tendon_Length_Trajectories_from_Commercial_IMU_Derived_Gait_Kinematics-2/gaitex_extra_tasks/marker_ik/neves_gwo_gwo_v1_marker_ik_44.71_46.21.mot,151
neves,gwo,gwo_v2,70.88,72.38,4.57,ok,/home/ilab/venv/OpenSim_Based_Estimation_of_Muscle_Tendon_Length_Trajectories_from_Commercial_IMU_Derived_Gait_Kinematics-2/gaitex_extra_tasks/marker_ik/neves_gwo_gwo_v2_marker_ik_70.88_72.38.mot,151
neves,rd,rd_correct,61.789,63.289,,ok,/home/ilab/venv/OpenSim_Based_Estimation_of_Muscle_Tendon_Length_Trajectories_from_Commercial_IMU_Derived_Gait_Kinematics-2/gaitex_extra_tasks/marker_ik/neves_rd_rd_correct_marker_ik_61.79_63.29.mot,151
neves,rd,rd_toes,106.588,108.088,,ok,/home/ilab/venv/OpenSim_Based_Estimation_of_Muscle_Tendon_Length_Trajectories_from_Commercial_IMU_Derived_Gait_Kinematics-2/gaitex_extra_tasks/marker_ik/neves_rd_rd_toes_marker_ik_106.59_108.09.mot,151
neves,rd,rd_supination,160.824,162.324,,ok,/home/ilab/venv/OpenSim_Based_Estimation_of_Muscle_Tendon_Length_Trajectories_from_Commercial_IMU_Derived_Gait_Kinematics-2/gaitex_extra_tasks/marker_ik/neves_rd_rd_supination_marker_ik_160.82_162.32.mot,151
neves,rd,rd_pronation,205.817,207.317,,ok,/home/ilab/venv/OpenSim_Based_Estimation_of_Muscle_Tendon_Length_Trajectories_from_Commercial_IMU_Derived_Gait_Kinematics-2/gaitex_extra_tasks/marker_ik/neves_rd_rd_pronation_marker_ik_205.82_207.32.mot,151
neves,rgs,rgs_correct,34.627,36.127,,ok,/home/ilab/venv/OpenSim_Based_Estimation_of_Muscle_Tendon_Length_Trajectories_from_Commercial_IMU_Derived_Gait_Kinematics-2/gaitex_extra_tasks/marker_ik/neves_rgs_rgs_correct_marker_ik_34.63_36.13.mot,151
neves,rgs,rgs_flexion,120.537,122.037,,ok,/home/ilab/venv/OpenSim_Based_Estimation_of_Muscle_Tendon_Length_Trajectories_from_Commercial_IMU_Derived_Gait_Kinematics-2/gaitex_extra_tasks/marker_ik/neves_rgs_rgs_flexion_marker_ik_120.54_122.04.mot,151
neves,rgs,rgs_abduction,356.885,358.385,,ok,/home/ilab/venv/OpenSim_Based_Estimation_of_Muscle_Tendon_Length_Trajectories_from_Commercial_IMU_Derived_Gait_Kinematics-2/gaitex_extra_tasks/marker_ik/neves_rgs_rgs_abduction_marker_ik_356.88_358.38.mot,151
neves,rgs,rgs_stork,455.142,456.642,,ok,/home/ilab/venv/OpenSim_Based_Estimation_of_Muscle_Tendon_Length_Trajectories_from_Commercial_IMU_Derived_Gait_Kinematics-2/gaitex_extra_tasks/marker_ik/neves_rgs_rgs_stork_marker_ik_455.14_456.64.mot,151
rehema,ng,ng_v0,6.23,7.73,3.05,ok,/home/ilab/venv/OpenSim_Based_Estimation_of_Muscle_Tendon_Length_Trajectories_from_Commercial_IMU_Derived_Gait_Kinematics-2/gaitex_extra_tasks/marker_ik/rehema_ng_ng_v0_marker_ik_6.23_7.73.mot,151
rehema,ng,ng_v1,42.45,43.95,3.57,ok,/home/ilab/venv/OpenSim_Based_Estimation_of_Muscle_Tendon_Length_Trajectories_from_Commercial_IMU_Derived_Gait_Kinematics-2/gaitex_extra_tasks/marker_ik/rehema_ng_ng_v1_marker_ik_42.45_43.95.mot,151
rehema,ng,ng_v2,74.72,76.22,4.07,ok,/home/ilab/venv/OpenSim_Based_Estimation_of_Muscle_Tendon_Length_Trajectories_from_Commercial_IMU_Derived_Gait_Kinematics-2/gaitex_extra_tasks/marker_ik/rehema_ng_ng_v2_marker_ik_74.72_76.22.mot,151
rehema,gwo,gwo_v0,7.4,8.9,3.04,ok,/home/ilab/venv/OpenSim_Based_Estimation_of_Muscle_Tendon_Length_Trajectories_from_Commercial_IMU_Derived_Gait_Kinematics-2/gaitex_extra_tasks/marker_ik/rehema_gwo_gwo_v0_marker_ik_7.40_8.90.mot,151
rehema,gwo,gwo_v1,41.44,42.94,3.56,ok,/home/ilab/venv/OpenSim_Based_Estimation_of_Muscle_Tendon_Length_Trajectories_from_Commercial_IMU_Derived_Gait_Kinematics-2/gaitex_extra_tasks/marker_ik/rehema_gwo_gwo_v1_marker_ik_41.44_42.94.mot,151
rehema,gwo,gwo_v2,74.04,75.54,4.05,ok,/home/ilab/venv/OpenSim_Based_Estimation_of_Muscle_Tendon_Length_Trajectories_from_Commercial_IMU_Derived_Gait_Kinematics-2/gaitex_extra_tasks/marker_ik/rehema_gwo_gwo_v2_marker_ik_74.04_75.54.mot,151
rehema,rd,rd_correct,145.624,147.124,,ok,/home/ilab/venv/OpenSim_Based_Estimation_of_Muscle_Tendon_Length_Trajectories_from_Commercial_IMU_Derived_Gait_Kinematics-2/gaitex_extra_tasks/marker_ik/rehema_rd_rd_correct_marker_ik_145.62_147.12.mot,151
rehema,rd,rd_toes,201.94,203.44,,ok,/home/ilab/venv/OpenSim_Based_Estimation_of_Muscle_Tendon_Length_Trajectories_from_Commercial_IMU_Derived_Gait_Kinematics-2/gaitex_extra_tasks/marker_ik/rehema_rd_rd_toes_marker_ik_201.94_203.44.mot,151
rehema,rd,rd_supination,241.738,243.238,,ok,/home/ilab/venv/OpenSim_Based_Estimation_of_Muscle_Tendon_Length_Trajectories_from_Commercial_IMU_Derived_Gait_Kinematics-2/gaitex_extra_tasks/marker_ik/rehema_rd_rd_supination_marker_ik_241.74_243.24.mot,151
rehema,rd,rd_pronation,291.638,293.138,,ok,/home/ilab/venv/OpenSim_Based_Estimation_of_Muscle_Tendon_Length_Trajectories_from_Commercial_IMU_Derived_Gait_Kinematics-2/gaitex_extra_tasks/marker_ik/rehema_rd_rd_pronation_marker_ik_291.64_293.14.mot,151
rehema,rgs,rgs_correct,11.165,12.665,,ok,/home/ilab/venv/OpenSim_Based_Estimation_of_Muscle_Tendon_Length_Trajectories_from_Commercial_IMU_Derived_Gait_Kinematics-2/gaitex_extra_tasks/marker_ik/rehema_rgs_rgs_correct_marker_ik_11.16_12.66.mot,151
rehema,rgs,rgs_flexion,88.996,90.496,,ok,/home/ilab/venv/OpenSim_Based_Estimation_of_Muscle_Tendon_Length_Trajectories_from_Commercial_IMU_Derived_Gait_Kinematics-2/gaitex_extra_tasks/marker_ik/rehema_rgs_rgs_flexion_marker_ik_89.00_90.50.mot,151
rehema,rgs,rgs_abduction,167.852,169.352,,ok,/home/ilab/venv/OpenSim_Based_Estimation_of_Muscle_Tendon_Length_Trajectories_from_Commercial_IMU_Derived_Gait_Kinematics-2/gaitex_extra_tasks/marker_ik/rehema_rgs_rgs_abduction_marker_ik_167.85_169.35.mot,151
rehema,rgs,rgs_stork,279.467,280.967,,ok,/home/ilab/venv/OpenSim_Based_Estimation_of_Muscle_Tendon_Length_Trajectories_from_Commercial_IMU_Derived_Gait_Kinematics-2/gaitex_extra_tasks/marker_ik/rehema_rgs_rgs_stork_marker_ik_279.47_280.97.mot,151
rushda,ng,ng_v0,6.98,8.48,3.56,ok,/home/ilab/venv/OpenSim_Based_Estimation_of_Muscle_Tendon_Length_Trajectories_from_Commercial_IMU_Derived_Gait_Kinematics-2/gaitex_extra_tasks/marker_ik/rushda_ng_ng_v0_marker_ik_6.98_8.48.mot,151
rushda,ng,ng_v1,37.55,39.05,4.09,ok,/home/ilab/venv/OpenSim_Based_Estimation_of_Muscle_Tendon_Length_Trajectories_from_Commercial_IMU_Derived_Gait_Kinematics-2/gaitex_extra_tasks/marker_ik/rushda_ng_ng_v1_marker_ik_37.55_39.05.mot,151
rushda,ng,ng_v2,68.0,69.5,4.6,ok,/home/ilab/venv/OpenSim_Based_Estimation_of_Muscle_Tendon_Length_Trajectories_from_Commercial_IMU_Derived_Gait_Kinematics-2/gaitex_extra_tasks/marker_ik/rushda_ng_ng_v2_marker_ik_68.00_69.50.mot,151
rushda,gwo,gwo_v0,7.4,8.9,3.56,ok,/home/ilab/venv/OpenSim_Based_Estimation_of_Muscle_Tendon_Length_Trajectories_from_Commercial_IMU_Derived_Gait_Kinematics-2/gaitex_extra_tasks/marker_ik/rushda_gwo_gwo_v0_marker_ik_7.40_8.90.mot,151
rushda,gwo,gwo_v1,38.7,40.2,4.08,ok,/home/ilab/venv/OpenSim_Based_Estimation_of_Muscle_Tendon_Length_Trajectories_from_Commercial_IMU_Derived_Gait_Kinematics-2/gaitex_extra_tasks/marker_ik/rushda_gwo_gwo_v1_marker_ik_38.70_40.20.mot,151
rushda,gwo,gwo_v2,68.22,69.72,4.57,ok,/home/ilab/venv/OpenSim_Based_Estimation_of_Muscle_Tendon_Length_Trajectories_from_Commercial_IMU_Derived_Gait_Kinematics-2/gaitex_extra_tasks/marker_ik/rushda_gwo_gwo_v2_marker_ik_68.22_69.72.mot,151
rushda,rd,rd_correct,26.04,27.54,,ok,/home/ilab/venv/OpenSim_Based_Estimation_of_Muscle_Tendon_Length_Trajectories_from_Commercial_IMU_Derived_Gait_Kinematics-2/gaitex_extra_tasks/marker_ik/rushda_rd_rd_correct_marker_ik_26.04_27.54.mot,151
rushda,rd,rd_toes,75.887,77.387,,ok,/home/ilab/venv/OpenSim_Based_Estimation_of_Muscle_Tendon_Length_Trajectories_from_Commercial_IMU_Derived_Gait_Kinematics-2/gaitex_extra_tasks/marker_ik/rushda_rd_rd_toes_marker_ik_75.89_77.39.mot,151
rushda,rd,rd_supination,128.878,130.378,,ok,/home/ilab/venv/OpenSim_Based_Estimation_of_Muscle_Tendon_Length_Trajectories_from_Commercial_IMU_Derived_Gait_Kinematics-2/gaitex_extra_tasks/marker_ik/rushda_rd_rd_supination_marker_ik_128.88_130.38.mot,151
rushda,rd,rd_pronation,187.423,188.923,,ok,/home/ilab/venv/OpenSim_Based_Estimation_of_Muscle_Tendon_Length_Trajectories_from_Commercial_IMU_Derived_Gait_Kinematics-2/gaitex_extra_tasks/marker_ik/rushda_rd_rd_pronation_marker_ik_187.42_188.92.mot,151
rushda,rgs,rgs_correct,26.736,28.236,,ok,/home/ilab/venv/OpenSim_Based_Estimation_of_Muscle_Tendon_Length_Trajectories_from_Commercial_IMU_Derived_Gait_Kinematics-2/gaitex_extra_tasks/marker_ik/rushda_rgs_rgs_correct_marker_ik_26.74_28.24.mot,151
rushda,rgs,rgs_flexion,114.84,116.34,,ok,/home/ilab/venv/OpenSim_Based_Estimation_of_Muscle_Tendon_Length_Trajectories_from_Commercial_IMU_Derived_Gait_Kinematics-2/gaitex_extra_tasks/marker_ik/rushda_rgs_rgs_flexion_marker_ik_114.84_116.34.mot,151
rushda,rgs,rgs_abduction,216.627,218.127,,ok,/home/ilab/venv/OpenSim_Based_Estimation_of_Muscle_Tendon_Length_Trajectories_from_Commercial_IMU_Derived_Gait_Kinematics-2/gaitex_extra_tasks/marker_ik/rushda_rgs_rgs_abduction_marker_ik_216.63_218.13.mot,151
rushda,rgs,rgs_stork,325.472,326.972,,ok,/home/ilab/venv/OpenSim_Based_Estimation_of_Muscle_Tendon_Length_Trajectories_from_Commercial_IMU_Derived_Gait_Kinematics-2/gaitex_extra_tasks/marker_ik/rushda_rgs_rgs_stork_marker_ik_325.47_326.97.mot,151
yaxkin,ng,ng_v0,7.67,9.17,2.57,ok,/home/ilab/venv/OpenSim_Based_Estimation_of_Muscle_Tendon_Length_Trajectories_from_Commercial_IMU_Derived_Gait_Kinematics-2/gaitex_extra_tasks/marker_ik/yaxkin_ng_ng_v0_marker_ik_7.67_9.17.mot,151
yaxkin,ng,ng_v1,56.04,57.54,3.02,ok,/home/ilab/venv/OpenSim_Based_Estimation_of_Muscle_Tendon_Length_Trajectories_from_Commercial_IMU_Derived_Gait_Kinematics-2/gaitex_extra_tasks/marker_ik/yaxkin_ng_ng_v1_marker_ik_56.04_57.54.mot,151
yaxkin,ng,ng_v2,82.44,83.94,3.96,ok,/home/ilab/venv/OpenSim_Based_Estimation_of_Muscle_Tendon_Length_Trajectories_from_Commercial_IMU_Derived_Gait_Kinematics-2/gaitex_extra_tasks/marker_ik/yaxkin_ng_ng_v2_marker_ik_82.44_83.94.mot,151
yaxkin,gwo,gwo_v0,17.04,18.54,3.06,ok,/home/ilab/venv/OpenSim_Based_Estimation_of_Muscle_Tendon_Length_Trajectories_from_Commercial_IMU_Derived_Gait_Kinematics-2/gaitex_extra_tasks/marker_ik/yaxkin_gwo_gwo_v0_marker_ik_17.04_18.54.mot,151
yaxkin,gwo,gwo_v1,82.07,83.57,3.57,ok,/home/ilab/venv/OpenSim_Based_Estimation_of_Muscle_Tendon_Length_Trajectories_from_Commercial_IMU_Derived_Gait_Kinematics-2/gaitex_extra_tasks/marker_ik/yaxkin_gwo_gwo_v1_marker_ik_82.07_83.57.mot,151
yaxkin,gwo,gwo_v2,139.93,141.43,4.07,ok,/home/ilab/venv/OpenSim_Based_Estimation_of_Muscle_Tendon_Length_Trajectories_from_Commercial_IMU_Derived_Gait_Kinematics-2/gaitex_extra_tasks/marker_ik/yaxkin_gwo_gwo_v2_marker_ik_139.93_141.43.mot,151
yaxkin,rd,rd_correct,47.309,48.809,,ok,/home/ilab/venv/OpenSim_Based_Estimation_of_Muscle_Tendon_Length_Trajectories_from_Commercial_IMU_Derived_Gait_Kinematics-2/gaitex_extra_tasks/marker_ik/yaxkin_rd_rd_correct_marker_ik_47.31_48.81.mot,151
yaxkin,rd,rd_toes,91.876,93.376,,ok,/home/ilab/venv/OpenSim_Based_Estimation_of_Muscle_Tendon_Length_Trajectories_from_Commercial_IMU_Derived_Gait_Kinematics-2/gaitex_extra_tasks/marker_ik/yaxkin_rd_rd_toes_marker_ik_91.88_93.38.mot,151
yaxkin,rd,rd_supination,166.419,167.919,,ok,/home/ilab/venv/OpenSim_Based_Estimation_of_Muscle_Tendon_Length_Trajectories_from_Commercial_IMU_Derived_Gait_Kinematics-2/gaitex_extra_tasks/marker_ik/yaxkin_rd_rd_supination_marker_ik_166.42_167.92.mot,151
yaxkin,rd,rd_pronation,232.929,234.429,,ok,/home/ilab/venv/OpenSim_Based_Estimation_of_Muscle_Tendon_Length_Trajectories_from_Commercial_IMU_Derived_Gait_Kinematics-2/gaitex_extra_tasks/marker_ik/yaxkin_rd_rd_pronation_marker_ik_232.93_234.43.mot,151
yaxkin,rgs,rgs_correct,29.201,30.701,,ok,/home/ilab/venv/OpenSim_Based_Estimation_of_Muscle_Tendon_Length_Trajectories_from_Commercial_IMU_Derived_Gait_Kinematics-2/gaitex_extra_tasks/marker_ik/yaxkin_rgs_rgs_correct_marker_ik_29.20_30.70.mot,151
yaxkin,rgs,rgs_flexion,164.206,165.706,,ok,/home/ilab/venv/OpenSim_Based_Estimation_of_Muscle_Tendon_Length_Trajectories_from_Commercial_IMU_Derived_Gait_Kinematics-2/gaitex_extra_tasks/marker_ik/yaxkin_rgs_rgs_flexion_marker_ik_164.21_165.71.mot,151
yaxkin,rgs,rgs_abduction,298.909,300.409,,ok,/home/ilab/venv/OpenSim_Based_Estimation_of_Muscle_Tendon_Length_Trajectories_from_Commercial_IMU_Derived_Gait_Kinematics-2/gaitex_extra_tasks/marker_ik/yaxkin_rgs_rgs_abduction_marker_ik_298.91_300.41.mot,151
yaxkin,rgs,rgs_stork,405.92,407.42,,ok,/home/ilab/venv/OpenSim_Based_Estimation_of_Muscle_Tendon_Length_Trajectories_from_Commercial_IMU_Derived_Gait_Kinematics-2/gaitex_extra_tasks/marker_ik/yaxkin_rgs_rgs_stork_marker_ik_405.92_407.42.mot,151
ziri,ng,ng_v0,6.94,8.440000000000001,3.59,ok,/home/ilab/venv/OpenSim_Based_Estimation_of_Muscle_Tendon_Length_Trajectories_from_Commercial_IMU_Derived_Gait_Kinematics-2/gaitex_extra_tasks/marker_ik/ziri_ng_ng_v0_marker_ik_6.94_8.44.mot,151
ziri,ng,ng_v1,45.3,46.8,4.09,ok,/home/ilab/venv/OpenSim_Based_Estimation_of_Muscle_Tendon_Length_Trajectories_from_Commercial_IMU_Derived_Gait_Kinematics-2/gaitex_extra_tasks/marker_ik/ziri_ng_ng_v1_marker_ik_45.30_46.80.mot,151
ziri,ng,ng_v2,74.26,75.76,4.59,ok,/home/ilab/venv/OpenSim_Based_Estimation_of_Muscle_Tendon_Length_Trajectories_from_Commercial_IMU_Derived_Gait_Kinematics-2/gaitex_extra_tasks/marker_ik/ziri_ng_ng_v2_marker_ik_74.26_75.76.mot,151
ziri,gwo,gwo_v0,6.64,8.14,3.56,ok,/home/ilab/venv/OpenSim_Based_Estimation_of_Muscle_Tendon_Length_Trajectories_from_Commercial_IMU_Derived_Gait_Kinematics-2/gaitex_extra_tasks/marker_ik/ziri_gwo_gwo_v0_marker_ik_6.64_8.14.mot,151
ziri,gwo,gwo_v1,38.32,39.82,4.08,ok,/home/ilab/venv/OpenSim_Based_Estimation_of_Muscle_Tendon_Length_Trajectories_from_Commercial_IMU_Derived_Gait_Kinematics-2/gaitex_extra_tasks/marker_ik/ziri_gwo_gwo_v1_marker_ik_38.32_39.82.mot,151
ziri,gwo,gwo_v2,69.33,70.83,4.6,ok,/home/ilab/venv/OpenSim_Based_Estimation_of_Muscle_Tendon_Length_Trajectories_from_Commercial_IMU_Derived_Gait_Kinematics-2/gaitex_extra_tasks/marker_ik/ziri_gwo_gwo_v2_marker_ik_69.33_70.83.mot,151
ziri,rd,rd_correct,33.891,35.391,,ok,/home/ilab/venv/OpenSim_Based_Estimation_of_Muscle_Tendon_Length_Trajectories_from_Commercial_IMU_Derived_Gait_Kinematics-2/gaitex_extra_tasks/marker_ik/ziri_rd_rd_correct_marker_ik_33.89_35.39.mot,151
ziri,rd,rd_toes,71.163,72.663,,ok,/home/ilab/venv/OpenSim_Based_Estimation_of_Muscle_Tendon_Length_Trajectories_from_Commercial_IMU_Derived_Gait_Kinematics-2/gaitex_extra_tasks/marker_ik/ziri_rd_rd_toes_marker_ik_71.16_72.66.mot,151
ziri,rd,rd_supination,132.595,134.095,,ok,/home/ilab/venv/OpenSim_Based_Estimation_of_Muscle_Tendon_Length_Trajectories_from_Commercial_IMU_Derived_Gait_Kinematics-2/gaitex_extra_tasks/marker_ik/ziri_rd_rd_supination_marker_ik_132.59_134.09.mot,151
ziri,rd,rd_pronation,188.138,189.638,,ok,/home/ilab/venv/OpenSim_Based_Estimation_of_Muscle_Tendon_Length_Trajectories_from_Commercial_IMU_Derived_Gait_Kinematics-2/gaitex_extra_tasks/marker_ik/ziri_rd_rd_pronation_marker_ik_188.14_189.64.mot,151
ziri,rgs,rgs_correct,36.636,38.136,,ok,/home/ilab/venv/OpenSim_Based_Estimation_of_Muscle_Tendon_Length_Trajectories_from_Commercial_IMU_Derived_Gait_Kinematics-2/gaitex_extra_tasks/marker_ik/ziri_rgs_rgs_correct_marker_ik_36.64_38.14.mot,151
ziri,rgs,rgs_flexion,147.861,149.361,,ok,/home/ilab/venv/OpenSim_Based_Estimation_of_Muscle_Tendon_Length_Trajectories_from_Commercial_IMU_Derived_Gait_Kinematics-2/gaitex_extra_tasks/marker_ik/ziri_rgs_rgs_flexion_marker_ik_147.86_149.36.mot,151
ziri,rgs,rgs_abduction,260.622,262.122,,ok,/home/ilab/venv/OpenSim_Based_Estimation_of_Muscle_Tendon_Length_Trajectories_from_Commercial_IMU_Derived_Gait_Kinematics-2/gaitex_extra_tasks/marker_ik/ziri_rgs_rgs_abduction_marker_ik_260.62_262.12.mot,151
ziri,rgs,rgs_stork,368.337,369.837,,ok,/home/ilab/venv/OpenSim_Based_Estimation_of_Muscle_Tendon_Length_Trajectories_from_Commercial_IMU_Derived_Gait_Kinematics-2/gaitex_extra_tasks/marker_ik/ziri_rgs_rgs_stork_marker_ik_368.34_369.84.mot,151
