subject,segment_label,velocity_kmh,coordinate,rmse_deg,nrmse_pct_of_imu_rom,corr,imu_rom,omc_rom,mean_bias
austra,ng_v0,3.54,pelvis_tilt,12.299369827705702,193.54422545258825,0.36541390951036223,6.3548110510373395,42.58174301,-6.1535759267223
austra,ng_v0,3.54,pelvis_list,17.075655946577005,343.1595537633057,-0.11594014966688504,4.976010651405304,56.64640566,6.464091932576892
austra,ng_v0,3.54,pelvis_rotation,14.4231155989657,156.82008468167453,-0.0327538703167824,9.197237476464096,43.06614279,-7.229019200993963
austra,ng_v0,3.54,hip_flexion_r,30.158795376473805,78.53328469774824,0.07725663467239142,38.40256458461687,101.90057311000001,-6.170170925416371
austra,ng_v0,3.54,hip_adduction_r,26.746798258870186,235.36126552388527,0.41604873246235746,11.364146177296888,40.353202859999996,24.858855433534814
austra,ng_v0,3.54,hip_rotation_r,25.239194883794983,117.80321870625603,-0.27014112299219073,21.424877147651856,88.56186166,5.965885978070492
austra,ng_v0,3.54,knee_angle_r,19.0833674050095,23.590897357146023,0.8373764312988119,80.89292711550404,58.52373858,-11.016373140223001
austra,ng_v0,3.54,ankle_angle_r,6.7646041750971335,18.86254255158118,0.8502519895739478,35.86263175602529,26.724176739999997,5.42872061138675
austra,ng_v0,3.54,hip_flexion_l,23.43050099214026,61.17690198839113,0.8290318961672076,38.29958731252264,100.07323955,13.685301708153075
austra,ng_v0,3.54,hip_adduction_l,11.422475340131118,91.64068740498135,0.585371123008917,12.464414730601664,41.97396967,-3.705734568970351
austra,ng_v0,3.54,hip_rotation_l,17.289616459229517,74.25093161762783,-0.05226470347452502,23.28538657032124,61.41275957,-1.563789345544908
austra,ng_v0,3.54,knee_angle_l,9.511157822945226,16.10160662267183,0.954960052319796,59.069619857393995,80.36999656,6.367821695744137
austra,ng_v0,3.54,ankle_angle_l,4.493345739734578,9.618024396036716,0.957064162716083,46.71796987317005,34.50980062,3.6255733502835854
austra,ng_v1,4.02,pelvis_tilt,10.71688064212291,178.12704586065396,-0.03851825605644371,6.016425293723536,40.133916060000004,-4.649017556171875
austra,ng_v1,4.02,pelvis_list,12.834252376077773,258.7994163244675,0.25501994240399606,4.959150433317416,54.573379349999996,3.6322568184770394
austra,ng_v1,4.02,pelvis_rotation,10.055096152531897,94.24903685278363,0.31957569592873686,10.668646055490084,40.46765844,-5.078122184330445
austra,ng_v1,4.02,hip_flexion_r,24.801063422556883,56.76121474409157,0.23812691046864842,43.69367980296527,103.63164017,-7.5963727898936435
austra,ng_v1,4.02,hip_adduction_r,15.43436096898566,74.92366348359532,0.3858917289700054,20.600115172378143,36.63571461,13.30655458736445
austra,ng_v1,4.02,hip_rotation_r,25.162739650901635,115.57952815270743,-0.181652844948482,21.770931282619365,77.00508425,15.476742127073823
austra,ng_v1,4.02,knee_angle_r,160.55702247236573,246.33779540282518,0.9053586807331607,65.17758357373216,90.39702324999999,160.23871398902088
austra,ng_v1,4.02,ankle_angle_r,5.526852460905553,26.177978036466833,0.57316633722549,21.112602559320877,23.39926743,-0.11819183954693728
austra,ng_v1,4.02,hip_flexion_l,19.645526825018923,50.42707780582234,0.8182201486842481,38.95828923632501,100.74873932999999,9.85947285508815
austra,ng_v1,4.02,hip_adduction_l,9.75052136891636,76.80929025817068,0.3440170401172712,12.69445575677499,40.66741257,-2.340207316950456
austra,ng_v1,4.02,hip_rotation_l,11.921125003556632,49.495673970318556,0.32246764358483804,24.085185728969897,65.6530376,-0.4840479546096624
austra,ng_v1,4.02,knee_angle_l,8.149564566447607,14.290748795333036,0.9450691756115801,57.0268548076993,75.41813121999999,4.529912292417036
austra,ng_v1,4.02,ankle_angle_l,4.9818118211520295,13.377950632160712,0.9633077409388741,37.23897596972521,26.686029230000003,4.103517519166306
austra,ng_v2,4.46,pelvis_tilt,12.83229364298125,186.37537937196157,-0.08857020594384071,6.885187134815162,36.64120672,-0.7108491630105047
austra,ng_v2,4.46,pelvis_list,24.530195383762187,333.673155161735,0.10248210440987533,7.351563949419946,27.022044400000002,22.758847037138437
austra,ng_v2,4.46,pelvis_rotation,135.05445439232975,1748.7905647572588,-0.3233004574765118,7.722734620945076,44.62920998,-134.11645912927634
austra,ng_v2,4.46,hip_flexion_r,68.94393155804242,153.47371735157301,-0.8454791694948562,44.92230510068882,91.13761175,-55.01759538306323
austra,ng_v2,4.46,hip_adduction_r,82.03238973960251,409.604216181113,0.5323373955971615,20.027232752733823,44.284720029999995,80.9171138541043
austra,ng_v2,4.46,hip_rotation_r,158.58477761225498,635.7057283838226,0.3651797798019278,24.94625587462154,149.20835633000002,155.8109963973456
austra,ng_v2,4.46,knee_angle_r,205.74287236474632,303.57716873254395,0.7152425557575293,67.7728411605317,115.40269285999999,204.65086549836985
austra,ng_v2,4.46,ankle_angle_r,20.102104296057476,85.41423441901289,0.7380929470569796,23.534841040011504,58.572867779999996,-15.457338343724581
austra,ng_v2,4.46,hip_flexion_l,136.58645168266753,339.58077682760455,-0.9011995398694594,40.22207998894135,47.03493430000002,134.2052945247624
austra,ng_v2,4.46,hip_adduction_l,170.05671018357285,1200.604768023278,0.24228069478903494,14.164254108665649,57.94348131999999,-168.4951284985629
austra,ng_v2,4.46,hip_rotation_l,36.18607339502851,156.76410261569615,0.5107667519857757,23.08313752398908,66.36154932,31.901486545239855
austra,ng_v2,4.46,knee_angle_l,84.77843306626204,137.74130384563682,0.6577866668057404,61.549027560586374,33.28097504,83.75515492779958
austra,ng_v2,4.46,ankle_angle_l,15.344822136158882,40.68711926823093,0.7640139191517337,37.71420147737108,37.87581944,14.192382310294189
darryl,ng_v0,4.08,pelvis_tilt,1.7493594206653904,33.964111818562074,0.40949018041069,5.15061141598683,6.687077500000001,-0.21927650211213304
darryl,ng_v0,4.08,pelvis_list,4.157605114733307,93.51664713043189,-0.6533546792375474,4.445844929549823,8.5806685,1.9651350505058396
darryl,ng_v0,4.08,pelvis_rotation,0.9430232701827189,10.259635848072147,0.9768622125607165,9.191586174668366,12.030266509999999,-0.4066392211954241
darryl,ng_v0,4.08,hip_flexion_r,2.720066581059405,10.637974407345135,0.9709022116974301,25.569403317809243,30.21787379,1.0744840947919736
darryl,ng_v0,4.08,hip_adduction_r,4.543295098329736,56.40449055806589,0.8960865048019117,8.054846437541382,21.03361821,0.7377648055531265
darryl,ng_v0,4.08,hip_rotation_r,11.243328745121593,132.8956070154917,0.7580955382452723,8.460271183991022,10.144093730000002,11.075426110236629
darryl,ng_v0,4.08,knee_angle_r,3.394979146700751,6.489575601586446,0.9958386995222376,52.31434773440056,51.12756641,3.0112109182262405
darryl,ng_v0,4.08,ankle_angle_r,5.621117778525493,22.90757680407506,0.6778886125269185,24.538247002736426,21.875407,-0.03155281150014402
darryl,ng_v0,4.08,hip_flexion_l,4.679400522452464,20.058649955056893,0.9880636394955755,23.32859156990654,34.124375560000004,1.267086625865304
darryl,ng_v0,4.08,hip_adduction_l,6.156519257519829,101.04468528202256,0.6262594050941949,6.0928679626608435,19.37469771,3.43062883810866
darryl,ng_v0,4.08,hip_rotation_l,9.916528901219692,88.60035195104918,0.3396357545798207,11.192426082797592,4.020661609999999,9.539550701929516
darryl,ng_v0,4.08,knee_angle_l,4.36069612861814,18.988633369505465,0.7858438574648664,22.964770785564486,28.360333770000004,2.791201536250413
darryl,ng_v0,4.08,ankle_angle_l,3.6499960831625757,26.429073499159134,0.9166890712768322,13.81053362797112,7.848221529999998,3.017698272344897
darryl,ng_v1,4.57,pelvis_tilt,1.2525353394248893,20.145139961244325,0.6117108297987022,6.217555905963151,7.388588390000001,-0.16799645287660847
darryl,ng_v1,4.57,pelvis_list,5.167809052784825,97.71511810693104,0.7612208978996244,5.288648422989795,19.41409752,-0.10271166775474824
darryl,ng_v1,4.57,pelvis_rotation,2.0188861277496524,20.06036290145488,0.9634097200311492,10.064055858148173,14.102616130000001,1.335334638423574
darryl,ng_v1,4.57,hip_flexion_r,2.8390136830609163,7.2740912684160355,0.9941435264262002,39.02911825409531,44.00433665,1.2208980984951503
darryl,ng_v1,4.57,hip_adduction_r,7.562029074112388,44.52741003884644,0.8927966519244563,16.982863066850623,33.01318128,3.4052108020020766
darryl,ng_v1,4.57,hip_rotation_r,16.203898975728492,149.526744112165,0.4070210320655788,10.836789814384915,13.59176562,15.754110617686408
darryl,ng_v1,4.57,knee_angle_r,4.470336810561407,6.8856288990924694,0.9808935647334975,64.92270896490807,62.22371069,2.353784636076476
darryl,ng_v1,4.57,ankle_angle_r,4.007612677806143,10.428524262272374,0.9268016022588893,38.4293364719361,37.384861349999994,-0.7928012925302312
darryl,ng_v1,4.57,hip_flexion_l,4.935775338049488,14.94348674213305,0.9853961445298228,33.02960964346498,43.87735768,3.261013519173998
darryl,ng_v1,4.57,hip_adduction_l,6.918021543211466,43.899398536955154,0.9168127242229477,15.758807122124406,33.39365027,0.6733346086996248
darryl,ng_v1,4.57,hip_rotation_l,13.69359475454949,70.62294006358756,0.4516274968033437,19.3897262592297,10.324528970000001,13.23849960258863
darryl,ng_v1,4.57,knee_angle_l,4.9764948976045025,8.642210559808365,0.9840424188411395,57.58358770785206,59.354465610000005,3.817775206628092
darryl,ng_v1,4.57,ankle_angle_l,4.043059115305548,10.478867235008257,0.9699223205333961,38.58297871928675,32.47639111,3.5616708396248367
darryl,ng_v2,5.09,pelvis_tilt,2.0096086599613874,61.90303268465654,-0.19096930849632368,3.246381595225939,5.059497709999999,1.2968175519165686
darryl,ng_v2,5.09,pelvis_list,5.95587554868942,127.56368547172221,0.7838069010481185,4.668942831704007,20.79781822,1.228430206407909
darryl,ng_v2,5.09,pelvis_rotation,2.1885488435601217,19.13368321083886,0.9806626367015064,11.438199427909161,16.35485788,1.0177143538250768
darryl,ng_v2,5.09,hip_flexion_r,2.3286743775720398,6.153428167678868,0.9915758333759365,37.84352907219258,42.82554933,0.902350513985688
darryl,ng_v2,5.09,hip_adduction_r,7.574114102569591,41.661239351992414,0.91816535824322,18.180241923617583,35.54926916,2.177632083756725
darryl,ng_v2,5.09,hip_rotation_r,14.786712767206492,120.68590370534298,0.5173614777674909,12.252228564579127,21.41924615,13.90492111841412
darryl,ng_v2,5.09,knee_angle_r,4.868066968420013,8.170156605356402,0.9900344891769445,59.58352089883419,58.512796169999994,3.817726636124529
darryl,ng_v2,5.09,ankle_angle_r,4.080231106134373,10.958177330204576,0.9172789469377833,37.23457818927447,40.36307768,0.8680421033619763
darryl,ng_v2,5.09,hip_flexion_l,4.875038389049442,14.519896588968836,0.9893055640351539,33.57488367205826,46.903082350000005,0.26781013597115694
darryl,ng_v2,5.09,hip_adduction_l,8.004143607404847,49.23856760325448,0.9040178422593498,16.255841705021094,35.57717308,2.335665953248176
darryl,ng_v2,5.09,hip_rotation_l,15.723507946041076,110.51362008719924,0.5447645031799033,14.227665272058466,7.542782260000001,15.499530324072849
darryl,ng_v2,5.09,knee_angle_l,3.69151576963324,6.774068471900985,0.9799102224099534,54.494810392687135,56.57166767999999,0.4652195937608297
darryl,ng_v2,5.09,ankle_angle_l,2.6991103623627724,7.21133037900014,0.9592207362889508,37.42874366459144,33.75201466,0.8843695318106611
elodie,ng_v0,3.05,pelvis_tilt,0.6269676940194565,83.42807146990972,-0.22195949675461488,0.7515068764901116,1.8056533700000017,-0.4347557654355034
elodie,ng_v0,3.05,pelvis_list,1.520585087748627,80.6037428051016,0.964854142719577,1.886494391985462,2.24741519,1.5154708146113853
elodie,ng_v0,3.05,pelvis_rotation,0.7412213781839662,75.86920641627049,0.3689956994548499,0.9769726259124387,0.4753094199999994,0.7037029994383848
elodie,ng_v0,3.05,hip_flexion_r,2.394281526179503,69.16959807991539,0.7441275447303668,3.4614651416844424,3.688073420000002,-2.3371463727371085
elodie,ng_v0,3.05,hip_adduction_r,1.9973711649432604,54.23948295535933,0.9869769776563305,3.6825040655110133,4.08209197,1.992241203635098
elodie,ng_v0,3.05,hip_rotation_r,1.6352756464968616,86.83596082077968,-0.3360822068894922,1.8831779265642021,2.41910665,1.2699217441863415
elodie,ng_v0,3.05,knee_angle_r,2.3550599281565323,52.73453890514958,0.9708273876630868,4.465877538803243,5.74020054,-2.3362641315079364
elodie,ng_v0,3.05,ankle_angle_r,3.7181021706070867,316.905310307501,0.8737421244939514,1.1732533503459823,2.43938642,-3.7027422507877854
elodie,ng_v0,3.05,hip_flexion_l,0.5776680794452399,19.70638858201117,0.4823298071813386,2.931374650617414,2.9319275000000005,-0.35418693777890214
elodie,ng_v0,3.05,hip_adduction_l,2.5532537366911794,73.90142691936067,0.9907135402035592,3.454945111516215,4.01517087,2.542156684279293
elodie,ng_v0,3.05,hip_rotation_l,1.6125863439212944,163.89893655644158,0.7527481348602769,0.9838906693369367,1.7828533699999998,-1.5986017250831923
elodie,ng_v0,3.05,knee_angle_l,1.8984608255828423,40.96741381827898,0.9667222877989622,4.634075350726144,5.0503585,-1.884456305572429
elodie,ng_v0,3.05,ankle_angle_l,4.79205809292929,214.20144601134706,0.7811740499516533,2.23717354955458,1.51297308,-4.785593540500613
elodie,ng_v1,3.57,pelvis_tilt,14.459083375349044,147.1822649292413,-0.6564510799261076,9.823930473077262,32.580482169999996,6.012490270340311
elodie,ng_v1,3.57,pelvis_list,23.979037599761817,236.98251253815968,0.8261177560004502,10.118483994003835,54.218330910000006,15.203910693136317
elodie,ng_v1,3.57,pelvis_rotation,11.422719812170518,129.5771511137336,0.45992526069039985,8.815381194902539,9.03856361,-11.071490460947444
elodie,ng_v1,3.57,hip_flexion_r,43.31876217018771,134.11121813115517,0.953944514269515,32.30062538677694,114.65126642,30.86196592045136
elodie,ng_v1,3.57,hip_adduction_r,21.39881931663749,141.26097888874858,0.9001208118964542,15.148429159258717,66.90843687,-5.076907824413853
elodie,ng_v1,3.57,hip_rotation_r,32.098209462375046,213.60344693068157,-0.15838830459941156,15.027009125368437,104.47589508,28.679915521849452
elodie,ng_v1,3.57,knee_angle_r,45.64480078821867,86.57163894689273,0.9226395317014355,52.72488928645491,76.31190725,45.20335089536561
elodie,ng_v1,3.57,ankle_angle_r,8.93611907886715,27.69108040596912,0.6043180003370702,32.27074909269655,69.89408003,4.809258656844112
elodie,ng_v1,3.57,hip_flexion_l,32.97498023273147,80.30982406137962,-0.4658441804664204,41.05970921755373,52.410085779999996,24.877557583389414
elodie,ng_v1,3.57,hip_adduction_l,29.70599580074423,196.5719821330582,0.9536446323453187,15.112019260525361,81.70800773,14.775479402855243
elodie,ng_v1,3.57,hip_rotation_l,12.862085522193972,113.15683458113462,-0.15369592336799345,11.366600674015606,89.08243499,-7.093386398388962
elodie,ng_v1,3.57,knee_angle_l,32.71337245274175,69.87805884881229,0.9262259930087272,46.8149416163952,53.60733929,32.20776404346858
elodie,ng_v1,3.57,ankle_angle_l,7.450273980829592,21.397209280571587,0.7625556913518384,34.81890504101557,70.19600425,0.8113902797570741
elodie,ng_v2,4.07,pelvis_tilt,17.118646489795104,195.26277971227867,0.06421884423180739,8.766978793920465,73.457382,0.4124187658924618
elodie,ng_v2,4.07,pelvis_list,19.08549304690626,184.74262046719628,0.81493275859599,10.33085543478862,53.61695383,11.047089365908494
elodie,ng_v2,4.07,pelvis_rotation,9.675906852539148,110.00555573624877,-0.5426606233238208,8.795834708328977,19.296591239999998,-7.01219133905502
elodie,ng_v2,4.07,hip_flexion_r,39.91973178358144,127.96577360545353,0.9150793850453125,31.195631971610396,114.9490175,29.09673964028712
elodie,ng_v2,4.07,hip_adduction_r,17.726279669811007,109.735827013437,0.8907478528401434,16.15359372799956,62.13058843,-1.9630487342063636
elodie,ng_v2,4.07,hip_rotation_r,28.07583663256238,178.1178304561013,-0.2738557553985584,15.762507639279782,124.08265348,21.637219375477887
elodie,ng_v2,4.07,knee_angle_r,39.95775572388551,77.53537691298943,0.6506504075967714,51.53487003581126,79.77053585,37.338427840768986
elodie,ng_v2,4.07,ankle_angle_r,8.598724891492907,20.41854004300222,0.64940582995726,42.11233943946857,70.28139318,2.2993444682436746
elodie,ng_v2,4.07,hip_flexion_l,33.451168417066164,84.62616824853725,-0.1581592506495394,39.528161453350876,54.3226121,26.91256026844055
elodie,ng_v2,4.07,hip_adduction_l,23.956308642626222,157.56978964156588,0.9300605238014443,15.203617836338537,75.10854749,11.078717226908426
elodie,ng_v2,4.07,hip_rotation_l,11.49752055807594,67.83629465037973,-0.07014510890302661,16.948921837981878,93.84895487,-4.129478866630138
elodie,ng_v2,4.07,knee_angle_l,29.591438504395466,63.85528404735194,0.9082360276819048,46.34140924414636,61.97293020000001,28.742084458237894
elodie,ng_v2,4.07,ankle_angle_l,5.543995600587002,18.451001772835898,0.8133616394241715,30.04712518508905,70.25836242,0.41013212575113467
erna,ng_v0,3.05,pelvis_tilt,10.314226791181838,597.185722140021,-0.2570692605027794,1.7271388797141203,36.33142035,-6.852997439284146
erna,ng_v0,3.05,pelvis_list,10.092216568462945,561.9010043852591,0.05169219362564531,1.7960844507662364,99.1070132,-0.019198081300412093
erna,ng_v0,3.05,pelvis_rotation,5.452085518544471,103.12636267423203,0.19895215051151122,5.286800947074198,47.26742092,2.151068271644615
erna,ng_v0,3.05,hip_flexion_r,13.222626355046721,85.12041210484043,0.5540699052952445,15.534025303778819,104.53369040999999,6.481804365267641
erna,ng_v0,3.05,hip_adduction_r,4.300909053064498,56.97443076624103,0.665691560600994,7.5488407610610295,36.21735689,0.044861689882023104
erna,ng_v0,3.05,hip_rotation_r,23.54643768085697,500.0939428990816,0.06408487435422826,4.708402894135555,161.24268379,0.14307351668988857
erna,ng_v0,3.05,knee_angle_r,3.9572956794482548,21.030249762951662,0.859142359053007,18.81715968214367,43.52758954,-0.9315312469228082
erna,ng_v0,3.05,ankle_angle_r,9.955794200971182,97.61609728836902,0.18608154276633476,10.198926690913115,45.43853525,-5.766430143644896
erna,ng_v0,3.05,hip_flexion_l,20.73660919013448,1394.9165868801724,0.30838730996435626,1.4865841717828694,140.61720273,9.725275098620028
erna,ng_v0,3.05,hip_adduction_l,2.5851940533419655,57.29670037108784,0.8753402295912844,4.5119422874244,13.547051230000001,0.8546189014682176
erna,ng_v0,3.05,hip_rotation_l,12.067939955471635,246.19770524385945,-0.0745362953358686,4.901727229146312,104.8009075,4.045145104721183
erna,ng_v0,3.05,knee_angle_l,4.817185497468191,82.02177917758809,0.3802598734482098,5.8730565781051185,31.48217988,1.3878088157779853
erna,ng_v0,3.05,ankle_angle_l,3.115119036535707,73.49802650745629,0.22164199990327327,4.238370993838429,21.47968518,-2.1320133160851498
erna,ng_v1,3.57,pelvis_tilt,9.48182523372903,410.7132507668374,0.3245921055775975,2.308624135214931,59.87618121,-1.8928302964057468
erna,ng_v1,3.57,pelvis_list,30.501869248361675,836.351916845608,-0.4232367615082066,3.6470137311818194,121.03033341,-12.485768171133566
erna,ng_v1,3.57,pelvis_rotation,50.51315321034642,1184.1494657507762,-0.2440393486799185,4.265775112968529,172.2110553,19.339971213030648
erna,ng_v1,3.57,hip_flexion_r,36.97116821311711,112.05067568638314,0.7467569568807135,32.995042632848666,114.12319018000001,21.315992044873884
erna,ng_v1,3.57,hip_adduction_r,13.193196171933165,120.81830267495295,0.823897167885806,10.919865516922437,65.79672653,-2.7720371945150113
erna,ng_v1,3.57,hip_rotation_r,34.95965011009215,314.3780814038807,-0.7163114076377902,11.12025684296342,156.24396057,6.74387046387656
erna,ng_v1,3.57,knee_angle_r,12.1705588732261,19.192302653384907,0.8521019999352318,63.41375025721368,66.78376453,4.217175509765082
erna,ng_v1,3.57,ankle_angle_r,5.168081039969762,17.458216232800503,0.9339607856971733,29.60257205578637,31.645060739999998,-4.533523919607699
erna,ng_v1,3.57,hip_flexion_l,59.60925395525509,145.61562384509108,-0.41314353852360913,40.93602896531807,132.43535476,33.175908377067195
erna,ng_v1,3.57,hip_adduction_l,12.603739559080951,104.15378610813507,0.7702514524352901,12.10108631672346,71.24298415999999,3.1419237643509086
erna,ng_v1,3.57,hip_rotation_l,47.48171056639956,244.5365759850354,-0.0009423288656806771,19.41701783266371,162.84707305,25.614642381236568
erna,ng_v1,3.57,knee_angle_l,16.52930004866906,23.563002686005937,0.8358670708336826,70.1493789604574,74.32719431000001,10.169596995415278
erna,ng_v1,3.57,ankle_angle_l,4.24174949738019,13.523844683710267,0.8421457583224009,31.36496755607863,25.87697155,1.2532070277148335
erna,ng_v2,4.06,pelvis_tilt,14.57890929602505,389.97730492025704,-0.08221690609309963,3.7383994176292283,59.26279273,-10.087743919894104
erna,ng_v2,4.06,pelvis_list,15.269513475832648,481.7259600389916,0.18805966478630617,3.169751008352697,57.91014987,5.398448668405928
erna,ng_v2,4.06,pelvis_rotation,17.87176483165308,293.2965222696159,0.19822585032130421,6.093411777731301,100.6905558,-8.3851836831835
erna,ng_v2,4.06,hip_flexion_r,31.714053142406076,84.05442899810116,0.24314097534895934,37.73037723345014,110.59904905,16.57110678672195
erna,ng_v2,4.06,hip_adduction_r,11.612852004546948,101.41307480251052,0.43314432581124723,11.451040240286126,64.52785994,1.7336383695076527
erna,ng_v2,4.06,hip_rotation_r,43.91839701993662,355.75099866954633,0.08838526387507141,12.345263171202506,133.08828349,35.51978513803635
erna,ng_v2,4.06,knee_angle_r,17.603889792934883,27.825837333169673,0.7735267507065411,63.26454647943421,139.55402095,-0.12163026688299411
erna,ng_v2,4.06,ankle_angle_r,10.476206998982564,35.25878596810443,0.7016236805915821,29.712330448528434,67.15518413,-5.60242547911921
erna,ng_v2,4.06,hip_flexion_l,24.471412553288882,62.90967662592561,0.6209296084558303,38.89928205926273,100.08790069,15.85434918149992
erna,ng_v2,4.06,hip_adduction_l,12.407388067446401,86.849177647062,0.24008445572724416,14.286131893922576,59.057005450000005,0.4292154490220825
erna,ng_v2,4.06,hip_rotation_l,17.080069298965277,62.880181733144724,0.25689443855379074,27.162881576027978,95.37526109,2.765438193500945
erna,ng_v2,4.06,knee_angle_l,9.877157904806184,15.94445689432452,0.9184234803128436,61.947283436929034,74.45875322,5.71180636006738
erna,ng_v2,4.06,ankle_angle_l,4.141479887581251,12.306108594752502,0.9074723663489926,33.653854552748186,28.79897029,2.427950150733656
etsuko,ng_v0,3.04,pelvis_tilt,5.639808729397915,80.24600975687768,0.8745320006669283,7.028148497956362,8.64603469,5.484212804572661
etsuko,ng_v0,3.04,pelvis_list,0.758551499592163,45.19849172621681,0.7973496268152724,1.6782672841982795,2.2178756,0.6658744693568308
etsuko,ng_v0,3.04,pelvis_rotation,3.531594514252773,87.38370531375594,0.9029594642801549,4.041479474431064,5.41318058,-3.4226084452663645
etsuko,ng_v0,3.04,hip_flexion_r,7.036582103978048,111.6041988291388,0.7973493861788079,6.3049438800691995,7.710062869999998,-6.881405857205205
etsuko,ng_v0,3.04,hip_adduction_r,0.5378470711898822,34.11893761430302,0.7180745566054235,1.5763886826429525,3.80735551,-0.1825141481211381
etsuko,ng_v0,3.04,hip_rotation_r,8.933132926273627,185.79753275883667,-0.40059704804327356,4.807993299818865,3.31608635,8.685193045932618
etsuko,ng_v0,3.04,knee_angle_r,2.0829098084778366,45.5189857203805,0.9639569774562567,4.575914369606092,5.719801199999999,-1.8896815858999183
etsuko,ng_v0,3.04,ankle_angle_r,3.9050623180689845,58.475285453501755,0.11393278962398583,6.678141522155036,5.11991707,3.395491075583921
etsuko,ng_v0,3.04,hip_flexion_l,9.462372739863923,30.06682460132113,0.984717974654298,31.47114091804742,34.33923912,-9.175709047694081
etsuko,ng_v0,3.04,hip_adduction_l,1.8061864556944356,32.69182364339172,0.8243799490331367,5.524887431783071,5.5672799699999995,1.4301999281621476
etsuko,ng_v0,3.04,hip_rotation_l,3.040737470066631,23.643232991773587,0.8797016976420146,12.860920801840523,4.3041021,-0.3734454373670363
etsuko,ng_v0,3.04,knee_angle_l,3.6056222116731482,10.004500744396815,0.9887876664138435,36.04000143328028,35.920261440000004,-3.0656137954528004
etsuko,ng_v0,3.04,ankle_angle_l,2.2796635163762704,14.203805057492804,0.8883343753915488,16.049667727407314,12.43774994,1.500154039514333
etsuko,ng_v1,3.56,pelvis_tilt,4.702486115430113,116.95666819603592,0.11189307314619816,4.020708000631551,8.1566858,4.265722510789519
etsuko,ng_v1,3.56,pelvis_list,3.27963798990575,94.75315038998036,-0.34276183262240933,3.461244271464935,8.49692095,1.533740495573145
etsuko,ng_v1,3.56,pelvis_rotation,4.287730184521214,33.001875337506576,0.9591877819317423,12.99238343479292,15.18706049,-4.128622613791233
etsuko,ng_v1,3.56,hip_flexion_r,5.658747826078857,15.35222774623115,0.99542553212958,36.85945726976357,47.91152991,-3.962851883292523
etsuko,ng_v1,3.56,hip_adduction_r,3.955694661668322,29.330406906971874,0.8654619505739716,13.486668201415402,22.49963215,-0.7009098430475974
etsuko,ng_v1,3.56,hip_rotation_r,10.551184338265887,57.782334517218295,-0.07220741027774803,18.260225078171235,7.45896229,9.111315035690106
etsuko,ng_v1,3.56,knee_angle_r,2.4789808646086544,4.445864975407392,0.9938030342480608,55.75924771267926,59.88584838999999,0.6755075742924099
etsuko,ng_v1,3.56,ankle_angle_r,3.053209786676707,13.03590430815299,0.8830623210775541,23.421541877744158,25.344836479999998,0.810988506369698
etsuko,ng_v1,3.56,hip_flexion_l,7.933373746386462,20.991215362651577,0.9921705381778437,37.79377996617501,37.11537307,-7.713728399208324
etsuko,ng_v1,3.56,hip_adduction_l,5.423251981212519,44.89655398749339,0.8106682359927653,12.079439287753013,22.61436466,2.560572178651771
etsuko,ng_v1,3.56,hip_rotation_l,4.053110419078912,28.060322375694057,0.09158991857517486,14.444276030804726,8.41581952,1.6997820500265606
etsuko,ng_v1,3.56,knee_angle_l,2.8764773199778717,5.411139650260124,0.9979024408260928,53.15843807209067,53.59138919,-2.6493249842380413
etsuko,ng_v1,3.56,ankle_angle_l,4.287587650908333,18.788460828845665,0.9580330706694757,22.820324080648792,18.53212298,4.008596477583355
etsuko,ng_v2,4.09,pelvis_tilt,3.6275518297362956,87.68690715271175,0.23149933234126646,4.13693668476493,10.231670580000001,2.8192739380624183
etsuko,ng_v2,4.09,pelvis_list,3.9000125797783496,132.08199848190597,0.1096655044214008,2.952720752716817,11.471381880000001,2.0909847172854743
etsuko,ng_v2,4.09,pelvis_rotation,4.446454465974509,48.67219941607138,0.9273460619476481,9.13551168699869,11.52561677,-4.298812903655961
etsuko,ng_v2,4.09,hip_flexion_r,4.968915479089007,13.520089385262168,0.9942433630131838,36.75209044479741,49.86219476,-2.382972487295315
etsuko,ng_v2,4.09,hip_adduction_r,4.84502325692344,33.93446128521048,0.8303308401881713,14.27759001742287,22.877342810000002,-1.6134509858638701
etsuko,ng_v2,4.09,hip_rotation_r,10.556181835867388,57.50973704567788,-0.186174887305622,18.355468792150795,10.15015208,8.662453543248327
etsuko,ng_v2,4.09,knee_angle_r,2.676536199050548,4.590186814760315,0.9941950184380748,58.30996225347112,60.465860920000004,1.525872342711872
etsuko,ng_v2,4.09,ankle_angle_r,3.635811317694508,11.59391308686436,0.9289729535704437,31.359656489177922,29.16583165,2.1707202726570256
etsuko,ng_v2,4.09,hip_flexion_l,6.432843501785613,16.26992627419344,0.9846564146170655,39.5382461688783,40.368523610000004,-6.011440494254979
etsuko,ng_v2,4.09,hip_adduction_l,6.062591205055481,51.158572873784834,0.8441675015152691,11.85058703653192,23.18397196,3.5232289638990735
etsuko,ng_v2,4.09,hip_rotation_l,4.581458004575128,30.647470613125844,-0.030454747528230436,14.948894355454442,8.37179829,1.768050877687585
etsuko,ng_v2,4.09,knee_angle_l,2.616246747035012,4.843435688525606,0.9972535957250479,54.01634119418701,55.86421128,-2.223057947850922
etsuko,ng_v2,4.09,ankle_angle_l,4.536458395249382,18.333580117533106,0.9518389813277728,24.7439854418341,19.79818792,4.12983009937913
gregers,ng_v0,3.05,pelvis_tilt,2.1191996805016404,38.50744375634358,0.7058216748181483,5.503350712945029,4.66458184,1.8150515096844466
gregers,ng_v0,3.05,pelvis_list,0.9248674420160254,44.37937591204083,0.8437226819118446,2.08400281213755,1.1697695599999998,0.8749576080187269
gregers,ng_v0,3.05,pelvis_rotation,2.7183830106069187,155.4154904758178,0.8526134330041895,1.7491068633405569,1.56782595,2.7075424195793487
gregers,ng_v0,3.05,hip_flexion_r,1.9284993321487323,41.17405067180352,0.5454471775347992,4.683773640637674,2.9440060200000002,-1.6494171836638891
gregers,ng_v0,3.05,hip_adduction_r,1.6802031289490666,61.36192727293971,0.1686144900450515,2.7381850662471408,0.6412503899999997,1.5695362019542307
gregers,ng_v0,3.05,hip_rotation_r,2.7474201319089104,56.7163129740083,0.6199187386184957,4.844144458346554,7.2077075399999995,-1.9110142409862696
gregers,ng_v0,3.05,knee_angle_r,1.4965845482597797,24.483985400180956,0.9678353712955673,6.112503841995915,3.63322709,1.4309285126455176
gregers,ng_v0,3.05,ankle_angle_r,1.9585951266641777,51.64526147335371,0.8719925626486843,3.792400446408257,2.743588860000001,1.8618467886220411
gregers,ng_v0,3.05,hip_flexion_l,2.2266088013599097,36.706552556301766,0.7359747424502535,6.065970913353034,3.24622811,-2.0014383618276432
gregers,ng_v0,3.05,hip_adduction_l,0.49772958875893547,31.591913289376578,0.775455025043677,1.5754968184415319,1.23039075,0.4344890628629741
gregers,ng_v0,3.05,hip_rotation_l,7.634855731103123,124.61118309727107,0.7185586375581704,6.126942655815554,4.0089915199999995,7.5094820382388265
gregers,ng_v0,3.05,knee_angle_l,0.789631315378833,29.810858278550832,0.9139733174761252,2.648804365176495,3.22015562,-0.5862511507615633
gregers,ng_v0,3.05,ankle_angle_l,1.4716871168356072,53.68368716369577,0.5350739068287861,2.741404688444822,1.9003911100000002,-1.3254056733637178
gregers,ng_v1,3.59,pelvis_tilt,7.510745117288921,74.05186815696204,0.11688272918163961,10.142546439704901,43.940456909999995,2.9890342770299987
gregers,ng_v1,3.59,pelvis_list,10.326360804365502,198.3698648213506,0.10871850855679392,5.205609639178457,73.93829165,-4.117164926778621
gregers,ng_v1,3.59,pelvis_rotation,23.128040965504262,239.31655383561593,0.12790799288140753,9.66420441662831,127.86305843000001,8.562765603440278
gregers,ng_v1,3.59,hip_flexion_r,15.379342532494046,37.65002818579518,0.4353827771351739,40.84815675728087,88.23603424,-5.095022124560707
gregers,ng_v1,3.59,hip_adduction_r,7.28883245660684,90.13675398993544,0.3174647920697305,8.086415511946106,48.70836179,3.483537739870135
gregers,ng_v1,3.59,hip_rotation_r,22.923344551650555,135.23461879035895,-0.14423343087305845,16.950796147239767,124.14212336,-6.302557919169868
gregers,ng_v1,3.59,knee_angle_r,6.24676314448644,11.064088827851203,0.9890746179311215,56.459806511691276,55.74333742,-4.620180099800895
gregers,ng_v1,3.59,ankle_angle_r,2.952066462042908,11.587768816330925,0.9092338442873085,25.4757107156167,35.83756873,-1.4036881150807805
gregers,ng_v1,3.59,hip_flexion_l,13.699194387369992,30.971231509390694,0.8029411869928852,44.23199763049881,128.67920617,-2.200426186386659
gregers,ng_v1,3.59,hip_adduction_l,5.726972426052804,75.06280256645968,0.20387572157304534,7.6295744766287035,34.64198089,-2.1356021738861393
gregers,ng_v1,3.59,hip_rotation_l,23.30379472136868,235.73260296718072,0.16453025455608708,9.885690154031469,115.79816223,13.32582666528968
gregers,ng_v1,3.59,knee_angle_l,10.476157435818267,17.588037530183307,0.947759755267834,59.564106671024845,55.55328331,-9.036916355434261
gregers,ng_v1,3.59,ankle_angle_l,10.608433727227967,36.77613085278936,0.8337581386780808,28.8459755858829,28.96830911,-10.005844369681858
gregers,ng_v2,4.09,pelvis_tilt,64.22879763967502,1089.9302194454822,0.48282045384311073,5.892927500657094,104.70741335000001,-55.49158919385301
gregers,ng_v2,4.09,pelvis_list,97.91932275482272,1150.4395964040393,-0.6674107162248011,8.511470142447447,21.07699031,-97.4311155166807
gregers,ng_v2,4.09,pelvis_rotation,39.58069382335535,236.28971612954183,-0.6191329696605941,16.750916828583392,101.2693165,13.020758672272947
gregers,ng_v2,4.09,hip_flexion_r,93.9100000516982,1159.691222496158,0.15773684043441014,8.097845204826436,18.928411530000005,93.64773354456057
gregers,ng_v2,4.09,hip_adduction_r,11.474496952656716,218.67228209537163,0.37982035550355975,5.247348608934458,33.2808684,-0.47550359116627794
gregers,ng_v2,4.09,hip_rotation_r,84.9686402921101,469.3894497527232,-0.45572329232049674,18.10194931668618,6.477870379999999,-84.70981994730921
gregers,ng_v2,4.09,knee_angle_r,28.39969348245305,139.69959729709612,0.20514765328217366,20.329116212164905,34.92448304,26.11459925958701
gregers,ng_v2,4.09,ankle_angle_r,3.3173445469339846,27.510618245419998,0.4878582756582445,12.058415108450935,11.26623572,1.1033294764300645
gregers,ng_v2,4.09,hip_flexion_l,115.15083086292098,554.8899915082397,0.15004822106323668,20.752010781439925,25.123769100000004,114.66606907720546
gregers,ng_v2,4.09,hip_adduction_l,10.6442696822076,93.19720216815438,0.056198957551303705,11.421233078437588,27.183524930000004,6.991458836581342
gregers,ng_v2,4.09,hip_rotation_l,152.83989843510997,803.4879113343683,0.40345261452683695,19.022053260426247,80.03184736,150.10726926934103
gregers,ng_v2,4.09,knee_angle_l,36.98178955682348,101.36285364964111,-0.27867007252698206,36.48455842082976,89.53483756,-5.714290988575411
gregers,ng_v2,4.09,ankle_angle_l,18.45670259041671,111.70014606027156,-0.08401173924389423,16.523436397708718,62.13369489,4.440886936454913
hamit,ng_v0,4.07,pelvis_tilt,6.481424887557139,99.654266233799,0.22216756094263795,6.503911104368638,29.5604057,-0.4317542645904425
hamit,ng_v0,4.07,pelvis_list,15.678014434601694,705.3176093647509,0.22047147240054088,2.2228304279432645,65.8578313,-3.0614772472781295
hamit,ng_v0,4.07,pelvis_rotation,28.644542464552313,850.4091364538981,-0.34569761928102327,3.3683248728954798,109.52319365000001,9.999130366298793
hamit,ng_v0,4.07,hip_flexion_r,15.36691797806417,88.58753614973655,0.5573002459669308,17.34659145739191,70.37693408000001,6.198307866071757
hamit,ng_v0,4.07,hip_adduction_r,3.1868551238950307,48.09471306398066,0.8849937446687947,6.6262067509489855,21.88417982,0.6245505785125122
hamit,ng_v0,4.07,hip_rotation_r,25.403641460632386,452.29933274847474,-0.030534126885454278,5.616555148614257,99.81702398,-6.988049429055272
hamit,ng_v0,4.07,knee_angle_r,5.896611974538035,16.657867061485003,0.9320911788176097,35.39836134346223,57.03789508,2.4632660358320857
hamit,ng_v0,4.07,ankle_angle_r,4.379563028732934,26.314396751911506,0.6783560897885801,16.64322032544713,12.239075609999999,3.0761911081306303
hamit,ng_v0,4.07,hip_flexion_l,26.51847115052586,116.8555779580216,0.08126537027489303,22.69337212131386,99.90912306999999,11.129649762519584
hamit,ng_v0,4.07,hip_adduction_l,7.4023239749629575,84.25469201049933,0.6163821159763225,8.785651930269383,31.515316650000003,4.191962321075376
hamit,ng_v0,4.07,hip_rotation_l,25.315227915904178,216.26774710226954,-0.2860652090784347,11.705503134470167,86.55416136999999,11.921930888353014
hamit,ng_v0,4.07,knee_angle_l,10.726028347853743,26.230512591035026,0.8179025072760737,40.891417240239704,42.58445462,6.453291731101546
hamit,ng_v0,4.07,ankle_angle_l,3.4371984265049558,30.216665622122203,0.4129328346728993,11.37517444674146,15.902447290000001,0.34826199362068777
hamit,ng_v1,4.59,pelvis_tilt,1.5985371549158172,35.85671165954088,0.784872905455974,4.45812535765664,6.334433410000001,-1.2869415901875787
hamit,ng_v1,4.59,pelvis_list,2.652608498143267,50.7150099446524,0.619657059106653,5.230420936598808,10.91891103,0.5674255519440841
hamit,ng_v1,4.59,pelvis_rotation,3.01742501383111,31.726246456416995,0.9596537438182297,9.510816282588642,13.225393960000002,2.5777968504950626
hamit,ng_v1,4.59,hip_flexion_r,1.9202758260539663,5.031262265192617,0.9932622745861504,38.166879896897015,41.02497593,1.2791655608717676
hamit,ng_v1,4.59,hip_adduction_r,3.527142662503566,27.96586596522246,0.9630846163955925,12.612313406957675,19.77276553,0.9905362995952127
hamit,ng_v1,4.59,hip_rotation_r,5.095189740841062,30.474313012947608,-0.17040082953872637,16.719621337079104,8.134611889999999,1.7444880064201238
hamit,ng_v1,4.59,knee_angle_r,3.1313528962007573,6.4858711412891665,0.9793520430489865,48.27960389571281,52.855573240000005,-0.8971469693511492
hamit,ng_v1,4.59,ankle_angle_r,2.702189857353009,7.694839287277007,0.9161675659408982,35.116910912238694,28.09092888,-0.09386052066371764
hamit,ng_v1,4.59,hip_flexion_l,3.1124102315934907,8.147087444600052,0.9949765146949523,38.202735060324144,42.83793849,2.1816989539131826
hamit,ng_v1,4.59,hip_adduction_l,3.2414297002133705,25.665596210881485,0.8847020063054492,12.629473609652972,18.5399017,0.7510053396558071
hamit,ng_v1,4.59,hip_rotation_l,7.421042493973549,39.31169614459611,-0.16081894845857253,18.877441631308663,6.90186494,4.831382958810549
hamit,ng_v1,4.59,knee_angle_l,2.7732819971840255,4.57659214657245,0.9910438815587448,60.59709732406505,62.32092486999999,0.3598876789793713
hamit,ng_v1,4.59,ankle_angle_l,3.114227311194046,7.007874930462825,0.9740893828029719,44.43896819072328,35.43959967,-0.692179788761502
hamit,ng_v2,5.13,pelvis_tilt,2.0023077216882097,63.92115522202698,0.5671492674226896,3.132464854136776,6.4143529300000015,1.5584016755567867
hamit,ng_v2,5.13,pelvis_list,3.4511021740433194,66.4917956539822,0.5924149080921907,5.190267671522318,11.113238599999999,1.970863599373509
hamit,ng_v2,5.13,pelvis_rotation,2.5656445777930554,28.0901739036118,0.9545791672999344,9.133601616696179,12.68599634,2.1509212750730966
hamit,ng_v2,5.13,hip_flexion_r,2.0560018724046487,5.025468123925021,0.9941091418292668,40.911648859467,47.33446806,-1.1529564055784258
hamit,ng_v2,5.13,hip_adduction_r,3.686596941396814,28.519874996208156,0.9523675535232984,12.926413393771758,21.071719710000004,-0.8811734044498529
hamit,ng_v2,5.13,hip_rotation_r,4.906712453860757,29.02765921385469,0.16667894549667944,16.9035760607208,11.65728468,0.3573897462009547
hamit,ng_v2,5.13,knee_angle_r,2.5921928923325788,5.365722171431229,0.9896223922014814,48.31023317111383,51.29900746999999,-0.25650902326644365
hamit,ng_v2,5.13,ankle_angle_r,3.4184118781446835,8.554942167352388,0.9260265876758776,39.958328312143635,28.40937798,-0.042795865007950594
hamit,ng_v2,5.13,hip_flexion_l,2.5361557661686867,6.16876432020786,0.9876859732394901,41.11286530854577,45.93566359,0.1790864922989411
hamit,ng_v2,5.13,hip_adduction_l,4.456229782863768,35.606294138067774,0.8627859138918443,12.515286666970145,18.382300139999998,2.5952602462030248
hamit,ng_v2,5.13,hip_rotation_l,8.052512344938867,40.90465931374754,-0.012013774221377529,19.686051613764498,7.128199840000001,5.617215795775682
hamit,ng_v2,5.13,knee_angle_l,2.965078830139749,4.957240284487002,0.9879025785015151,59.81309478619694,62.06251753,0.9092080591578526
hamit,ng_v2,5.13,ankle_angle_l,3.394482522091495,7.8906804651367635,0.9810438095097227,43.018882048123345,32.43374304,-2.2206548076773593
julia,ng_v0,3.05,pelvis_tilt,1.4003901708588518,142.45031863190601,0.6967770125082419,0.9830726840825701,2.85657153,1.213493147630377
julia,ng_v0,3.05,pelvis_list,1.4602226246330527,43.84040516765987,0.9926381493376619,3.3307689996219008,5.33030781,1.3318794686639546
julia,ng_v0,3.05,pelvis_rotation,0.9610213252304738,7.301639578387461,0.9828932137481371,13.161719568780901,11.614206280000001,0.48571502968320873
julia,ng_v0,3.05,hip_flexion_r,1.8242296819180848,67.53402944555172,0.9243029783209513,2.701200708583281,4.389400499999999,-1.7010678004626631
julia,ng_v0,3.05,hip_adduction_r,1.5049825880390966,94.49751217863141,0.149670045972946,1.5926160946906032,1.43128449,1.3831283966216996
julia,ng_v0,3.05,hip_rotation_r,1.1310265782244815,41.4988659500739,0.8568824393889438,2.7254397254739136,5.347982329999999,-0.5840108921075532
julia,ng_v0,3.05,knee_angle_r,1.202199524603294,86.37062634157155,0.5507504203017087,1.3919078459023009,1.4477976600000004,-1.1348629276250561
julia,ng_v0,3.05,ankle_angle_r,1.4803277796894356,71.4410746282348,0.8704292643104774,2.0720961819132313,1.9282236399999997,-1.446515030062837
julia,ng_v0,3.05,hip_flexion_l,1.1779851173274027,49.42883411146076,0.6956745958297997,2.3831942195340403,4.351606200000003,0.7363869839607949
julia,ng_v0,3.05,hip_adduction_l,1.155164188449375,134.58888573170654,-0.19945010706203678,0.8582909221435369,1.4602286599999994,0.9680008720092024
julia,ng_v0,3.05,hip_rotation_l,2.3094522920693845,64.8896960335408,0.8672789211062054,3.559043165922141,7.472628510000001,-1.9327375383615064
julia,ng_v0,3.05,knee_angle_l,1.3539231407544967,163.48617566700418,0.4951024588101132,0.8281575706512501,1.0573936700000002,1.3289717475736968
julia,ng_v0,3.05,ankle_angle_l,1.5214197737874755,115.01054742779586,0.8040184591327222,1.3228523885973411,1.12579573,-1.506234708232178
julia,ng_v1,3.56,pelvis_tilt,5.115879196527698,139.8673304887724,0.4741643082563,3.657665573976452,4.79049049,-5.022288283259773
julia,ng_v1,3.56,pelvis_list,3.205354243820832,25.101211000909352,0.6878810058935565,12.76971953147882,12.05339745,-0.0703857889350122
julia,ng_v1,3.56,pelvis_rotation,2.5296115016347827,21.406894350537208,0.817812842170592,11.816807521037267,13.508090549999999,-1.1133060361259965
julia,ng_v1,3.56,hip_flexion_r,7.620733760859558,20.756669679856767,0.990181517084878,36.714626567744006,42.769544280000005,7.2856982144705595
julia,ng_v1,3.56,hip_adduction_r,3.8627447714709184,23.25541920813679,0.9670872175114652,16.610084457731002,25.96941158,0.2832484781398126
julia,ng_v1,3.56,hip_rotation_r,3.9388773413296523,25.524651304652824,0.74282068682627,15.431659748517873,8.91030186,0.926366511750042
julia,ng_v1,3.56,knee_angle_r,3.373322008900483,5.958446193069247,0.9887566194809906,56.6141221989093,60.17530584,1.7465035300717964
julia,ng_v1,3.56,ankle_angle_r,10.201216011346615,30.354826184028973,0.9263927131922006,33.60657033415639,22.76571416,-9.790055051039866
julia,ng_v1,3.56,hip_flexion_l,10.5960377523059,26.672379606988304,0.9778130035512301,39.72663072600272,49.59546182,9.615710745728803
julia,ng_v1,3.56,hip_adduction_l,5.828792692879558,44.497589078988916,0.9675423790444102,13.099120229935838,27.34731259,2.963216317957538
julia,ng_v1,3.56,hip_rotation_l,3.059520458094956,32.54691338358921,0.4563393044693103,9.400339817285488,8.24326839,1.8634592672209025
julia,ng_v1,3.56,knee_angle_l,5.725204408871312,9.229104315752439,0.9932175586176257,62.03423661708327,69.989829,4.400084090725803
julia,ng_v1,3.56,ankle_angle_l,3.422216655004857,8.9288426054148,0.9821589142929099,38.32766245570832,25.86899275,-1.2391909012828963
julia,ng_v2,4.04,pelvis_tilt,5.599293922388313,104.57460053299539,0.30581577988698583,5.354353632574119,38.21834018,-4.746124317202842
julia,ng_v2,4.04,pelvis_list,4.761587333982925,35.35853103902396,0.617084334092842,13.466586970843696,50.117954,-0.652117427063514
julia,ng_v2,4.04,pelvis_rotation,9.374213849614481,89.24743955846577,0.16893632907455763,10.503622172234373,114.02335094,-0.001784020248235092
julia,ng_v2,4.04,hip_flexion_r,10.12245765205338,27.75197710493741,0.8803801429886223,36.474726156546424,88.8247551,7.565180322443831
julia,ng_v2,4.04,hip_adduction_r,5.432052475269341,34.078363123338725,0.9306046857234699,15.939886712308592,36.21716128,1.2772231485185384
julia,ng_v2,4.04,hip_rotation_r,9.531296539144426,71.35065030698124,0.04637356227279035,13.358387762601577,109.41152478,-0.7531351865652605
julia,ng_v2,4.04,knee_angle_r,3.4136224983014887,5.918777074370815,0.990482724359264,57.67445631772452,61.74233231,1.6479976119686481
julia,ng_v2,4.04,ankle_angle_r,11.413312027868532,35.31888796230898,0.9361937592573862,32.31503789147722,29.18495815,-11.089755379235442
julia,ng_v2,4.04,hip_flexion_l,11.928891268601202,30.80138851130319,0.9477595547045609,38.728420519820574,105.17788653,10.16141001969861
julia,ng_v2,4.04,hip_adduction_l,6.890441830934327,50.23879755694015,0.9045306275382348,13.715379678673179,47.79223935,2.4120235726289576
julia,ng_v2,4.04,hip_rotation_l,8.212881556872315,70.02371757617617,0.30240942916411745,11.72871398599743,98.32253866,3.446899746470938
julia,ng_v2,4.04,knee_angle_l,5.740241408180726,9.259960561929418,0.994370580106913,61.98991204974076,70.08242272,4.465174819195907
julia,ng_v2,4.04,ankle_angle_l,4.250684306598632,10.176864873220886,0.937877979734369,41.76811188467052,40.80113841,-0.6459297705741913
jung-hee,ng_v0,3.58,pelvis_tilt,5.69550356562908,204.61650913357968,0.4218544492178625,2.783501482722925,5.337269980000002,5.590134902127809
jung-hee,ng_v0,3.58,pelvis_list,1.6504085001824613,35.91750018537205,0.8737553210933768,4.594998236694144,3.66371813,-1.4452437598212353
jung-hee,ng_v0,3.58,pelvis_rotation,1.5281848492893846,37.95702731994745,0.6952061085725975,4.026092023508601,4.21211246,-1.3621548234530911
jung-hee,ng_v0,3.58,hip_flexion_r,6.7896089833913855,91.77385950230125,0.788066433278151,7.398194889276869,10.229938800000001,-6.650796627034099
jung-hee,ng_v0,3.58,hip_adduction_r,2.3061354225017974,92.16120515394579,0.18033481900867132,2.5022843599425983,4.35339404,1.94813945005523
jung-hee,ng_v0,3.58,hip_rotation_r,7.0434434295761035,91.45119800856766,0.5199963057290845,7.7018602084537315,6.416495680000001,6.756366869709796
jung-hee,ng_v0,3.58,knee_angle_r,1.0668887644002818,20.602556350768523,0.966370125860779,5.178429056258761,7.166622449999998,-0.5329357932410496
jung-hee,ng_v0,3.58,ankle_angle_r,3.5329206212362925,32.52679911930906,0.9657662259389894,10.86156866612499,9.368317739999998,3.432653203414209
jung-hee,ng_v0,3.58,hip_flexion_l,6.7971555578849605,30.612330315165792,0.9813776664172401,22.203979533428566,21.30231338,-6.589674261419743
jung-hee,ng_v0,3.58,hip_adduction_l,2.7799050920182364,61.42890170730813,0.6813615567156459,4.525402562565292,6.5131821200000015,-2.4807638371563505
jung-hee,ng_v0,3.58,hip_rotation_l,3.9315944481313148,40.165009184106935,0.11567859516537357,9.78860587360957,4.52805513,-1.472107266774533
jung-hee,ng_v0,3.58,knee_angle_l,1.1411167686157697,3.2339240480482117,0.9949396617009987,35.28582464094895,35.15414311,-0.26471489569676687
jung-hee,ng_v0,3.58,ankle_angle_l,1.4823843651354942,12.257987631572373,0.9045713543879125,12.093211460887597,6.925284699999999,0.25291224838537407
jung-hee,ng_v1,4.08,pelvis_tilt,3.9887746913175093,87.97200734059378,0.705477351743817,4.534140815810315,9.21886902,3.739100051382936
jung-hee,ng_v1,4.08,pelvis_list,3.6778529694166617,82.23657070316965,-0.7160177978843442,4.472283970463406,8.64742836,1.1102164003879391
jung-hee,ng_v1,4.08,pelvis_rotation,1.3049384025255397,12.573395965993253,0.9809581232036925,10.378567620513607,10.88916352,-1.122495304202251
jung-hee,ng_v1,4.08,hip_flexion_r,4.394079739577812,11.12123229735222,0.9934851861687107,39.510727067754615,48.20810909,-3.2608088705751004
jung-hee,ng_v1,4.08,hip_adduction_r,3.635572049682767,29.095839276535735,0.8542842894878621,12.495161301687094,17.953058679999998,0.18047200728456092
jung-hee,ng_v1,4.08,hip_rotation_r,14.269003365936328,85.01446428558201,-0.24271565874333081,16.784206647475486,9.60465357,12.63590361711016
jung-hee,ng_v1,4.08,knee_angle_r,2.525405103618565,4.848621882530881,0.9873749156003493,52.08500816938019,55.76589677,0.3688464474159802
jung-hee,ng_v1,4.08,ankle_angle_r,2.082766271130438,6.4806997182874815,0.9663710649610893,32.137984502710566,28.70819651,0.20664107298471798
jung-hee,ng_v1,4.08,hip_flexion_l,4.440043180401958,12.305008371484439,0.981168032858254,36.08321950183545,38.421668249999996,-3.8003712574128983
jung-hee,ng_v1,4.08,hip_adduction_l,4.748932904926684,72.73152265223632,0.41837304581222184,6.529401189128913,16.40230795,0.8915902869604501
jung-hee,ng_v1,4.08,hip_rotation_l,6.115696347828761,32.522092129231844,0.2987222339789518,18.804744551878898,6.72861756,1.540968917979122
jung-hee,ng_v1,4.08,knee_angle_l,1.6336051543411052,3.031677750141971,0.9948245836224437,53.88452497184455,56.45647666,-0.094127778663609
jung-hee,ng_v1,4.08,ankle_angle_l,2.4412001269684978,6.260072737918067,0.9897863314740741,38.99635402288274,29.38006445,1.4479970295482807
jung-hee,ng_v2,4.6,pelvis_tilt,2.655332450362275,51.82503328895669,0.3606769096783092,5.1236483256212315,12.242490060000002,1.732626350678044
jung-hee,ng_v2,4.6,pelvis_list,8.968105824974481,268.1219606629915,-0.30688280180448674,3.3447860081281044,76.93707659,0.38838137934463635
jung-hee,ng_v2,4.6,pelvis_rotation,10.142793151564184,104.17325668945641,0.3710188363519918,9.736465455620875,97.33394177,-0.06961270810350763
jung-hee,ng_v2,4.6,hip_flexion_r,8.243448925981898,21.452397127658173,0.8933727817872762,38.42670297835282,109.18459552,0.05393110621687896
jung-hee,ng_v2,4.6,hip_adduction_r,4.68724169843879,34.27596935228737,0.8247803735103806,13.675008430143762,36.20899413,0.10207593407821755
jung-hee,ng_v2,4.6,hip_rotation_r,16.111821779105714,87.70309144757005,-0.08873517873479542,18.370870984334175,81.07301193,11.768761365128343
jung-hee,ng_v2,4.6,knee_angle_r,2.6524285372836562,4.871161140462036,0.9868856408900661,54.451668930666294,57.58916853000001,-0.040804395396471536
jung-hee,ng_v2,4.6,ankle_angle_r,2.8560730340890697,8.986966524710349,0.9418851672049642,31.780167715503104,30.35072112,-1.476946510091825
jung-hee,ng_v2,4.6,hip_flexion_l,14.708127410019927,42.30994862438689,0.5148420933757043,34.7628108476179,131.54487908,0.29956350629252965
jung-hee,ng_v2,4.6,hip_adduction_l,5.073724632588248,75.77939154290743,0.6954661135244722,6.695388454940851,23.71484231,1.5139234217121535
jung-hee,ng_v2,4.6,hip_rotation_l,12.25857075988163,67.46770969081776,-0.04895045567314849,18.169537421766076,80.98831264,5.697907618899901
jung-hee,ng_v2,4.6,knee_angle_l,5.038939924990743,9.304686897589438,0.9460075037138082,54.154857443899374,56.20335323,-0.5342476034601837
jung-hee,ng_v2,4.6,ankle_angle_l,2.7428149222571614,7.893047975816541,0.9890708372927958,34.749756122867296,27.54015382,-1.5663919785453961
katee,ng_v0,3.05,pelvis_tilt,6.479484694982272,485.9548284738081,0.7575044902265962,1.3333512325274697,3.815736189999999,6.424758459829349
katee,ng_v0,3.05,pelvis_list,0.8844135056895022,90.92718297870749,0.9576847301358994,0.972661284246105,1.0045817699999997,-0.8797905141515457
katee,ng_v0,3.05,pelvis_rotation,1.7250877026971012,219.08035720591647,0.5754048432359032,0.7874223525551718,0.49551248999999986,-1.7153670991223255
katee,ng_v0,3.05,hip_flexion_r,8.16786562217603,1197.7868038109614,-0.5081293063262147,0.68191314148633,3.211649610000002,-8.103889384638059
katee,ng_v0,3.05,hip_adduction_r,1.5526546702187416,239.156467716795,0.9748368790932715,0.6492212755280232,0.7707072399999999,1.5508892775289687
katee,ng_v0,3.05,hip_rotation_r,2.4991162006461414,129.51260033518892,-0.12705005404291841,1.9296317070140123,0.66793551,-2.4154733335918697
katee,ng_v0,3.05,knee_angle_r,1.6470656855966666,158.98457337319937,0.6054486207468242,1.035990883046467,1.33892239,-1.605762935441403
katee,ng_v0,3.05,ankle_angle_r,1.5474650043513907,189.57411326911998,0.8441890831365112,0.8162849756573065,1.2108619900000006,1.5390710990212606
katee,ng_v0,3.05,hip_flexion_l,7.862389529241112,771.2973097729822,0.8655158948576543,1.0193720929164485,4.334418310000004,-7.789207199409064
katee,ng_v0,3.05,hip_adduction_l,0.20478251426498356,45.69159694730261,0.42815808221417023,0.44818419128831266,0.47108890999999975,0.1663268732954157
katee,ng_v0,3.05,hip_rotation_l,3.4671531131172526,117.80121172293639,0.047375486538621586,2.9432236412574895,1.2218747699999994,-3.348961114876766
katee,ng_v0,3.05,knee_angle_l,1.621385098354086,59.17425129464245,0.977774680622581,2.740017934964365,3.29682877,-1.6003801235616388
katee,ng_v0,3.05,ankle_angle_l,1.414268953211296,53.998649956022014,0.9458345363652029,2.6190820592053976,0.8913147499999998,-1.3152255612874824
katee,ng_v1,3.57,pelvis_tilt,2.048039767680329,35.65491989108031,0.6995318019442558,5.744059372273842,6.46682332,1.594200351219166
katee,ng_v1,3.57,pelvis_list,4.332145601235994,112.95971367688713,0.5883527026758917,3.835124452977789,15.12362182,0.11785240998494415
katee,ng_v1,3.57,pelvis_rotation,2.069832043073643,22.098453728846298,0.9559688277522794,9.366411190896041,12.16082613,-1.4682233789080466
katee,ng_v1,3.57,hip_flexion_r,3.135885872368082,9.608050642558453,0.9951539901599229,32.6381072397538,42.56727333,-1.0395351969393456
katee,ng_v1,3.57,hip_adduction_r,5.991978529650467,80.95448266065186,0.6001429252250152,7.401663666690176,22.427261369999997,-0.5196488003847205
katee,ng_v1,3.57,hip_rotation_r,4.207350574566838,24.201827072135533,0.5099355430048793,17.384433671170708,14.78926522,-0.2596940611627552
katee,ng_v1,3.57,knee_angle_r,2.440198853237014,5.309757006594619,0.991409476687866,45.956883718150046,50.346792119999996,0.7611441023040338
katee,ng_v1,3.57,ankle_angle_r,3.8449078024458454,14.39127083245269,0.832752983991785,26.71694423105066,16.68709982,-1.2475427620570143
katee,ng_v1,3.57,hip_flexion_l,1.7031622909688902,5.257548089854388,0.9892903587550195,32.39461174412312,37.467557670000005,-0.29778671488433467
katee,ng_v1,3.57,hip_adduction_l,5.738701857025992,56.72882906632126,0.8628524004495315,10.116023812719487,24.85338106,0.9167200683486935
katee,ng_v1,3.57,hip_rotation_l,3.6066324741899387,18.844518924526447,0.6440426412327883,19.138893853617287,11.05579538,-0.5532858155482228
katee,ng_v1,3.57,knee_angle_l,2.722995397019385,5.775289796274315,0.9953700683788134,47.14906945061027,48.356830099999996,2.298819739404357
katee,ng_v1,3.57,ankle_angle_l,1.9050164021303173,6.6214607371324075,0.9646106516668908,28.77033448899273,22.29489278,-0.5113024436447261
katee,ng_v2,4.05,pelvis_tilt,3.1490392513922174,70.79149332069674,0.7163796293546789,4.448330023392172,6.424986290000003,2.971058103760406
katee,ng_v2,4.05,pelvis_list,4.0627560457578635,117.85515911318869,0.756511031412591,3.447244971139509,15.40579764,-0.7675291745047199
katee,ng_v2,4.05,pelvis_rotation,2.068648886939044,29.531076462417015,0.9574036534153688,7.00498977601351,10.407964849999999,-1.6842269229214513
katee,ng_v2,4.05,hip_flexion_r,3.246896181845362,10.346531617537567,0.9942512347157999,31.38149383646411,39.51254854,-2.2995338741431937
katee,ng_v2,4.05,hip_adduction_r,5.724817606876755,62.715701705799546,0.7766633558511962,9.128204661939325,25.42486163,0.7028302958817149
katee,ng_v2,4.05,hip_rotation_r,4.151590187966612,21.075928484974604,0.7163511710759196,19.698255243778952,16.84318502,1.5347127491366266
katee,ng_v2,4.05,knee_angle_r,2.5488036985891895,5.314803918542217,0.9919187300170544,47.95668358896473,48.90097405,1.5654733680239752
katee,ng_v2,4.05,ankle_angle_r,3.351418550077102,12.889222668979539,0.9023290912027684,26.001711942978165,18.95876349,-1.6773399261898845
katee,ng_v2,4.05,hip_flexion_l,2.4422259433019606,6.641884211494159,0.9954431079728391,36.77007706752173,43.02544606,-1.4524018006638357
katee,ng_v2,4.05,hip_adduction_l,5.135443725186537,58.409657524646775,0.8493533233321874,8.792114083222565,24.409731569999998,0.13948709493732336
katee,ng_v2,4.05,hip_rotation_l,4.46790081021692,30.814646660256212,0.21300960635449465,14.49927646251249,11.65990982,-0.33564061758903696
katee,ng_v2,4.05,knee_angle_l,3.2827375190991996,6.623423947414079,0.9942344958343422,49.56254567368964,52.25265063,2.7621776141086194
katee,ng_v2,4.05,ankle_angle_l,2.1391410173118643,6.829264645672476,0.978588883623178,31.32315305231847,25.255336370000002,-1.0074929865534654
latifah,ng_v0,3.58,pelvis_tilt,3.203891793755309,50.255344634743906,0.7101332906570071,6.3752259924615196,14.03844172,-1.7049700783444235
latifah,ng_v0,3.58,pelvis_list,6.437624023814452,154.0277570851744,0.471315146685236,4.179522019693223,21.30842328,-2.052104598164085
latifah,ng_v0,3.58,pelvis_rotation,2.5806522784114247,27.258812270290466,0.9701766116365336,9.467222022817525,15.3250157,1.423986233897221
latifah,ng_v0,3.58,hip_flexion_r,2.635581805453173,5.94639066199656,0.9819060733440733,44.32237899028737,45.20772217,-0.04299447676279587
latifah,ng_v0,3.58,hip_adduction_r,8.153678910866878,58.590404586163224,0.9149474379462867,13.916406565986506,37.98222861,0.7315172345662047
latifah,ng_v0,3.58,hip_rotation_r,2.9834818347018626,16.810957681403394,0.7700956542789723,17.747244929432235,10.264052020000001,-1.006683225469522
latifah,ng_v0,3.58,knee_angle_r,1.8578360420386806,3.0463551611367903,0.9977291878194211,60.985536609113,62.672535,1.2751801105308374
latifah,ng_v0,3.58,ankle_angle_r,5.775760071250226,22.910901046597584,0.7724444965271142,25.20965919019568,28.92349432,3.4218469637258706
latifah,ng_v0,3.58,hip_flexion_l,4.825494168514269,11.547308451301772,0.9870912742014842,41.78890854838361,56.5458254,0.2454910422336233
latifah,ng_v0,3.58,hip_adduction_l,8.322642382547253,55.49754852755764,0.9227800962376028,14.996414442368739,36.95595618,-3.3883664898101244
latifah,ng_v0,3.58,hip_rotation_l,2.165299079381548,18.64978820264843,0.8444295905033695,11.610314582950906,13.985224299999999,-0.23886435647626897
latifah,ng_v0,3.58,knee_angle_l,2.9726575176831553,5.087445891596239,0.9964938353241473,58.431236047022665,66.3279762,0.5765258877250891
latifah,ng_v0,3.58,ankle_angle_l,4.804481234826157,13.289704364236629,0.9672136986467893,36.15190453562907,28.30314825,4.133434177959576
latifah,ng_v1,4.08,pelvis_tilt,1.588401881214918,27.594425810153584,0.7912398730040268,5.75624182993673,9.207094990000002,-1.0156606186965633
latifah,ng_v1,4.08,pelvis_list,7.337850746502324,116.55594816909374,0.5982439871781643,6.295560940276445,25.399498440000002,-2.316607508803801
latifah,ng_v1,4.08,pelvis_rotation,2.7509990244410485,28.292348782235894,0.9533720186784953,9.723473457842909,16.09964232,1.2637905796821516
latifah,ng_v1,4.08,hip_flexion_r,2.7323770058520087,6.0766390406205435,0.9879343517915313,44.96526760248342,48.08070807,-1.2194871533922205
latifah,ng_v1,4.08,hip_adduction_r,9.502094327796167,56.89675902185402,0.9109521610193414,16.700589789563264,42.750441089999995,1.4458765352731764
latifah,ng_v1,4.08,hip_rotation_r,3.9880624921584116,25.839811712436834,0.6062783473540838,15.433790836172914,7.853850039999999,-0.04384093030716586
latifah,ng_v1,4.08,knee_angle_r,1.815689162561012,3.1221597872539792,0.9982607774911912,58.15490834176549,63.259206840000004,0.2862949699208715
latifah,ng_v1,4.08,ankle_angle_r,3.8446803104605625,13.316676477557285,0.8494250467712842,28.871170047121268,26.89013681,-0.9530041338606008
latifah,ng_v1,4.08,hip_flexion_l,3.352664249144378,7.3862788708266445,0.9896444830274753,45.3904368867833,53.42802697,1.3168212484527566
latifah,ng_v1,4.08,hip_adduction_l,9.724087727667408,60.08459245824527,0.9400525950518114,16.183995480080842,39.68866678,-4.51276874208875
latifah,ng_v1,4.08,hip_rotation_l,3.046750698561431,21.278310648055577,0.7798696288811857,14.318574199591568,11.746612690000001,1.5031902762134617
latifah,ng_v1,4.08,knee_angle_l,4.779058479008832,7.64168118672244,0.996738339784569,62.53935962825213,65.95134788,4.176617089325966
latifah,ng_v1,4.08,ankle_angle_l,4.711322888818283,11.237325564498022,0.9619839868533998,41.92565981805067,32.656135219999996,3.9169437933486573
latifah,ng_v2,4.6,pelvis_tilt,2.1120793122826154,28.22668410238008,0.607630438346475,7.482562615651069,9.706157159999998,-0.2919242012848624
latifah,ng_v2,4.6,pelvis_list,6.728317301514109,101.56975585425731,0.6567069423815644,6.62433147045129,25.961965300000003,-0.44569610855748953
latifah,ng_v2,4.6,pelvis_rotation,2.4166917352973956,19.838981352830793,0.9485989850102227,12.181531361500886,17.99938032,0.7972001100112719
latifah,ng_v2,4.6,hip_flexion_r,3.424942146823242,6.865234001639737,0.9830777047032787,49.88820695704191,51.45787611,-1.5905735533793157
latifah,ng_v2,4.6,hip_adduction_r,9.171630262708028,53.97234181863099,0.9094298912807787,16.993204211016884,42.950567819999996,-1.136238701930442
latifah,ng_v2,4.6,hip_rotation_r,2.929956877899257,15.112349888575721,0.9101281467800435,19.387831141430738,13.14564553,1.2916310576786016
latifah,ng_v2,4.6,knee_angle_r,2.0056271208517487,3.2238072927887678,0.9984787356441648,62.21299658134258,66.34372442,0.04411179225743917
latifah,ng_v2,4.6,ankle_angle_r,4.1316472531124795,12.818944294444362,0.8937295619901249,32.23079185158099,30.61787047,-1.0227007560127956
latifah,ng_v2,4.6,hip_flexion_l,4.4755845482481265,9.134851874709927,0.9756450908721767,48.994604506274456,57.0133813,-0.06733638704158933
latifah,ng_v2,4.6,hip_adduction_l,8.45478076193893,59.418932745172185,0.8940273597430529,14.229102360688033,39.17141884,-2.0894750587645645
latifah,ng_v2,4.6,hip_rotation_l,3.319556246840966,18.978248288490434,0.815273686009583,17.49137326259003,13.31434474,2.2137398659019114
latifah,ng_v2,4.6,knee_angle_l,4.57191705686011,6.834408404641222,0.9944208724222857,66.89557875639007,71.68244052,3.678885127895773
latifah,ng_v2,4.6,ankle_angle_l,4.981600850521516,12.0260335025502,0.9468622325774182,41.42347391153645,31.489162410000002,3.977280179640565
laurel,ng_v0,3.06,pelvis_tilt,2.0251500965258975,30.285632961516225,0.8097428306106098,6.686834312161293,7.6833874699999996,1.5434279150942973
laurel,ng_v0,3.06,pelvis_list,1.39152112182865,35.483809006822746,0.3206477665397951,3.921566372880351,5.072260569999999,-0.4614182482081545
laurel,ng_v0,3.06,pelvis_rotation,0.8309154275426487,6.23468868198545,0.976983182005624,13.32729619593519,12.63790008,0.06715719577612006
laurel,ng_v0,3.06,hip_flexion_r,3.349848964874915,16.346853144341374,0.9896629515798606,20.492316993956102,19.82143862,-3.132821219282887
laurel,ng_v0,3.06,hip_adduction_r,1.743927720546293,17.999071306815765,0.8813690584550279,9.688987230612918,13.677872829999998,0.6211673450814212
laurel,ng_v0,3.06,hip_rotation_r,3.2125838074825617,25.36774695448878,0.7475073217044864,12.66404861750681,7.54866124,-1.3021055905576562
laurel,ng_v0,3.06,knee_angle_r,2.42065993001084,7.444223426485951,0.9949698985489576,32.51729282329606,33.29592564,-2.06129932479507
laurel,ng_v0,3.06,ankle_angle_r,2.6669615004882923,22.399007987686474,0.9417561967257005,11.906605426251087,12.754859869999999,-2.4197876008568278
laurel,ng_v0,3.06,hip_flexion_l,3.2986577083342805,14.121588984644024,0.9829693260617188,23.358969815091477,26.55516095,-2.626257806156986
laurel,ng_v0,3.06,hip_adduction_l,1.9661840177090282,8.281181166283202,0.9809201155285806,23.74279680915977,26.63097586,-1.0214567226305775
laurel,ng_v0,3.06,hip_rotation_l,5.247993311989783,30.08715290736181,0.4603783886200125,17.442638484765666,7.2416685099999984,4.391014565284261
laurel,ng_v0,3.06,knee_angle_l,1.5899644215312085,6.966855105094466,0.9767544608400374,22.821838513170135,22.12574538,-0.5350084490883479
laurel,ng_v0,3.06,ankle_angle_l,2.0461821861861607,6.298706097383028,0.9570157511950701,32.48575428906429,27.70631506,0.0025658747311622593
laurel,ng_v1,3.56,pelvis_tilt,3.0037608124572626,41.77300962987402,0.03936432971780285,7.190673688756961,6.909650130000001,2.183015819199764
laurel,ng_v1,3.56,pelvis_list,3.843055733655731,64.72431866088156,0.8346675313657589,5.937576189548084,16.95777109,0.06454677769029041
laurel,ng_v1,3.56,pelvis_rotation,1.621940015127233,17.359029166714876,0.9715425382510308,9.343494959022403,14.7114319,0.42200179730559423
laurel,ng_v1,3.56,hip_flexion_r,4.082176378607667,12.514610779456648,0.9704740845101436,32.61928357619209,33.0014961,-3.1768610441188145
laurel,ng_v1,3.56,hip_adduction_r,5.353091726537891,37.32286323751967,0.8323540801184183,14.342660938072328,26.535688,0.4889576730482337
laurel,ng_v1,3.56,hip_rotation_r,4.592502492393524,21.29897421783088,0.7320428322451994,21.562082968994883,7.4153082900000005,3.304068823688808
laurel,ng_v1,3.56,knee_angle_r,2.739909466267735,4.616470962220109,0.9967198442886792,59.350735414353906,62.09795186,-1.5362426523691168
laurel,ng_v1,3.56,ankle_angle_r,6.062508219109744,22.724684185964964,0.9786402853497298,26.67807468520958,24.000130640000002,-5.922217788506699
laurel,ng_v1,3.56,hip_flexion_l,3.5005287166857078,9.12541770529965,0.9871658271956598,38.360202565333,39.099931229999996,-2.507964404481949
laurel,ng_v1,3.56,hip_adduction_l,5.375150788510061,37.15688189983367,0.8767428289550354,14.466097567067711,28.30903578,0.023733730975111004
laurel,ng_v1,3.56,hip_rotation_l,7.930279413005964,39.22989325633352,0.22153611985530955,20.214889092836493,11.91351237,6.288679946480514
laurel,ng_v1,3.56,knee_angle_l,1.6316252717819555,2.756225564291222,0.9965632980234588,59.19781359409663,58.673089479999994,-0.3606616077825883
laurel,ng_v1,3.56,ankle_angle_l,4.0899873315438064,10.923482473317486,0.9600480708046949,37.442155846675405,25.64148505,2.1717980890111224
laurel,ng_v2,4.12,pelvis_tilt,7.869139959119214,104.85643504656915,0.17957359980244195,7.50468004717531,4.90199679,7.638177597855667
laurel,ng_v2,4.12,pelvis_list,3.9274029872382963,86.24353237881373,0.7078212612246003,4.5538521891562596,15.973352479999999,-0.7543837339591201
laurel,ng_v2,4.12,pelvis_rotation,1.726696352577813,20.18609967413202,0.9714377010321384,8.553887974656792,12.68422366,1.047951029815374
laurel,ng_v2,4.12,hip_flexion_r,8.682375386740814,27.18438537909674,0.9738101147979141,31.93883277352694,34.54214209,-8.335468373564678
laurel,ng_v2,4.12,hip_adduction_r,5.608949113093234,59.33646873183021,0.6295347011035393,9.452785501009084,23.13407436,1.0070902328198565
laurel,ng_v2,4.12,hip_rotation_r,5.139267234185477,26.035170417651184,0.5724632035651056,19.739710367715453,6.64583324,3.8490157802691005
laurel,ng_v2,4.12,knee_angle_r,2.1226927156259467,3.514953018353121,0.9974302456288753,60.390358122638666,62.38960469,-0.8402078260569801
laurel,ng_v2,4.12,ankle_angle_r,6.37699296160058,26.538088771180984,0.9641668864268313,24.029586367672678,20.52835027,-6.2122625098383155
laurel,ng_v2,4.12,hip_flexion_l,8.820230298587216,23.831761581835796,0.9884055819842728,37.01040004239494,38.65149263,-8.509169526491794
laurel,ng_v2,4.12,hip_adduction_l,5.554911468888741,42.54218702344928,0.7450316854916497,13.05741866497571,24.86378159,-0.9701036486829908
laurel,ng_v2,4.12,hip_rotation_l,9.211035039411406,40.38641817076284,0.009201165139508279,22.807259114846687,9.595950349999999,7.744769345692584
laurel,ng_v2,4.12,knee_angle_l,1.9662675516126964,3.3406431535196934,0.9942140416442179,58.858952041646276,58.863546289999995,-0.4801352138013955
laurel,ng_v2,4.12,ankle_angle_l,3.69816249135538,10.377534404256792,0.9678633623737506,35.63623445891366,26.96571633,1.5821608929808306
marquise,ng_v0,4.05,pelvis_tilt,14.396425054991967,268.1589990158986,0.42990122060116076,5.368615302050122,5.8396602699999995,14.33833425527651
marquise,ng_v0,4.05,pelvis_list,3.2440589002972344,86.31969259073216,0.2482621836592253,3.7581909792917143,7.73378203,2.4058400588986273
marquise,ng_v0,4.05,pelvis_rotation,1.609755777005611,14.699769830724636,0.9820799699407653,10.950891038041899,15.04342843,-1.1298643061538716
marquise,ng_v0,4.05,hip_flexion_r,17.941276960350063,292.746012428434,0.5942026378832177,6.128615317940861,9.38725655,-17.814549825561873
marquise,ng_v0,4.05,hip_adduction_r,5.207677204380988,65.85266097820096,0.8157623670525196,7.908074065685626,23.254249419999997,2.9357803191627836
marquise,ng_v0,4.05,hip_rotation_r,2.91079652311806,50.150390892131526,0.5937375597301316,5.804135264626137,3.5396914,-2.694576803225301
marquise,ng_v0,4.05,knee_angle_r,6.391036449136311,26.78897772755005,0.9777692598588601,23.856962793185293,24.57302507,-6.282694229779373
marquise,ng_v0,4.05,ankle_angle_r,3.217862849680259,51.26332767055241,0.34944951294723137,6.277124400429278,10.90162256,-2.4212439316466448
marquise,ng_v0,4.05,hip_flexion_l,11.109123709638954,47.68698733431588,0.9764877324618263,23.29592270477685,32.850966220000004,-10.182169128856868
marquise,ng_v0,4.05,hip_adduction_l,4.151856932344019,50.368817241210316,0.941275859281438,8.242911308521037,21.71425694,0.7275177900929201
marquise,ng_v0,4.05,hip_rotation_l,8.680566304194189,68.33208819216269,0.1973947753014174,12.703499240039033,7.83770763,8.235078919251416
marquise,ng_v0,4.05,knee_angle_l,7.797998793995152,18.86155701014987,0.9790644963448458,41.34334609703142,47.793748259999994,6.456407403000293
marquise,ng_v0,4.05,ankle_angle_l,2.1617539295573227,14.429762575149073,0.8620240054091519,14.981216207121063,8.60017942,-0.46117794375666415
marquise,ng_v1,4.61,pelvis_tilt,10.786394089644533,66.26120271530232,0.17394425252992368,16.278596897779416,51.893188910000006,9.270064287887461
marquise,ng_v1,4.61,pelvis_list,6.764815801522659,78.44841840381099,0.29809732737701783,8.623266012452875,58.88219185,-0.5303195557487063
marquise,ng_v1,4.61,pelvis_rotation,4.6264480073533205,101.28823746349454,0.28760981287250775,4.567606390644073,48.77244904,2.2585893559064316
marquise,ng_v1,4.61,hip_flexion_r,12.613357877082366,35.90530412578198,0.715382607163332,35.129511319262946,125.05015089,-6.900516358733872
marquise,ng_v1,4.61,hip_adduction_r,9.676795188448374,53.92381743771022,0.7746366074752228,17.945308118488583,47.59501247,5.331255378841411
marquise,ng_v1,4.61,hip_rotation_r,10.097476941732543,33.94892802972225,-0.006496675920534793,29.743139261693955,72.64642083000001,5.486023849638492
marquise,ng_v1,4.61,knee_angle_r,5.06888902469317,7.879283502460669,0.9625991021091242,64.33185229482066,61.163996,-0.9906517207835678
marquise,ng_v1,4.61,ankle_angle_r,6.52222686061296,17.330739571325378,0.7700059844841605,37.63386342383408,31.37482119,-3.711856479380684
marquise,ng_v1,4.61,hip_flexion_l,8.568840737838915,19.417741240859513,0.923662165805112,44.12892638515571,113.38239792000002,-4.2631740330749315
marquise,ng_v1,4.61,hip_adduction_l,9.036346514626041,56.0125395948276,0.7812302027204241,16.132720601478475,48.61876667,-4.0594018669990675
marquise,ng_v1,4.61,hip_rotation_l,11.331105278876748,54.90677321048246,0.1642159360065305,20.63698996741168,62.008829479999996,9.319660689606415
marquise,ng_v1,4.61,knee_angle_l,9.25912150409189,14.237405503270548,0.9818823128286186,65.03376968482726,71.54902275,7.921705406760706
marquise,ng_v1,4.61,ankle_angle_l,3.8098331664305385,7.698140057924989,0.9618504642522936,49.49030723997334,42.8673731,-0.008232409795016084
marquise,ng_v2,7.2,pelvis_tilt,6.9189275660662934,42.567831482416665,0.48712496668019456,16.253887795351446,10.718325980000001,6.190637995238729
marquise,ng_v2,7.2,pelvis_list,4.87102870986379,45.13557274234961,0.3356631531068905,10.79199490315412,15.16981045,1.4150056393697432
marquise,ng_v2,7.2,pelvis_rotation,2.5817986160917514,30.82406807821791,0.9413452617167366,8.375917836478571,12.41861253,2.288215514890134
marquise,ng_v2,7.2,hip_flexion_r,5.947368679693644,19.134329130577147,0.9238331149172296,31.08219075310875,42.04026443,-2.9099728010242396
marquise,ng_v2,7.2,hip_adduction_r,6.756825940088922,38.790863442553906,0.8473102905104198,17.418601548004283,31.85797999,0.9471075330765473
marquise,ng_v2,7.2,hip_rotation_r,8.104979879940105,28.081385463257657,-0.1370064928229939,28.862464391384286,7.881920350000001,4.330684930234093
marquise,ng_v2,7.2,knee_angle_r,2.572583667801064,4.03950868669134,0.992780068919227,63.68555850063545,59.06908578000001,0.08629455217817837
marquise,ng_v2,7.2,ankle_angle_r,7.257707461473179,17.858969447473726,0.7880783506908288,40.63900485870326,34.35543422,-4.691386122502853
marquise,ng_v2,7.2,hip_flexion_l,5.2008612298412835,12.513589083785991,0.9750383430978762,41.56170699723632,48.0625417,-2.7132299992671483
marquise,ng_v2,7.2,hip_adduction_l,6.8459829148410085,40.33206760692125,0.7520729349204867,16.974044032560812,29.639181999999998,-0.5655404657439671
marquise,ng_v2,7.2,hip_rotation_l,12.053426196917346,50.907648789243545,0.6376861616840683,23.67704359480094,7.52592666,10.99945626176288
marquise,ng_v2,7.2,knee_angle_l,6.793885871344438,10.665338994515206,0.9790298438362235,63.70060881176195,64.80070683,5.287355535503008
marquise,ng_v2,7.2,ankle_angle_l,2.885056217424101,5.835098218311434,0.9751214406101454,49.443147475570356,41.83530881,-1.201040741820288
neves,ng_v0,3.49,pelvis_tilt,10.31793687000286,257.38693772872006,-0.495833058400308,4.00872591323097,36.75639524,5.539738034737558
neves,ng_v0,3.49,pelvis_list,5.862003712042031,92.83468467979449,0.6652221944105036,6.3144542713332426,30.697670799999997,2.2838622306392957
neves,ng_v0,3.49,pelvis_rotation,3.385720275323943,53.29054902374932,0.4516895717318738,6.353322188170874,17.88359607,-0.41944215093819126
neves,ng_v0,3.49,hip_flexion_r,7.511700405318792,17.735637014825016,0.949036753675952,42.35371077475169,46.35559691,-5.792106479073833
neves,ng_v0,3.49,hip_adduction_r,4.923689434843158,33.154917775025226,0.8571837765386003,14.850555408561595,33.190261220000004,0.36612403430013407
neves,ng_v0,3.49,hip_rotation_r,12.87623414860676,73.60286626903476,0.19580798334989288,17.49420206210622,16.49373887,11.967787886668203
neves,ng_v0,3.49,knee_angle_r,5.263555793550121,8.168862302563284,0.9769433182526319,64.43438019390392,81.21662226,0.8240761566297957
neves,ng_v0,3.49,ankle_angle_r,6.7755495403854145,18.992532409307742,0.9460325966122974,35.67480836344339,32.45743392,6.315110057871521
neves,ng_v0,3.49,hip_flexion_l,10.420482458765232,26.443137654814418,0.9259230298482803,39.40713312766803,52.96086331,-7.911564828550451
neves,ng_v0,3.49,hip_adduction_l,6.192544850153764,37.582406887603724,0.8654447886751617,16.47724391009222,37.29998742,3.551387190389317
neves,ng_v0,3.49,hip_rotation_l,2.798851777068775,19.731283272636702,0.83347508688883,14.184844129982242,17.27483715,1.2111158595297062
neves,ng_v0,3.49,knee_angle_l,3.413048056487801,5.627508263883266,0.985121822188088,60.649365517459486,64.20456254,-0.6301254125053939
neves,ng_v0,3.49,ankle_angle_l,5.548258969552535,13.739138377044762,0.9543167336410484,40.3828742188267,33.01240265,4.820745796366927
neves,ng_v1,4.03,pelvis_tilt,2.436097260768632,73.24372929221913,0.27457978719382176,3.326014778752432,11.403675080000001,1.4202193246300427
neves,ng_v1,4.03,pelvis_list,2.1092273537178747,38.79206984758286,0.8038849541596989,5.437264270778016,14.00972945,0.770741232966314
neves,ng_v1,4.03,pelvis_rotation,1.1788150782884081,19.520640608493455,0.9016738693979603,6.03881348942772,9.52429943,-0.0031225747419347423
neves,ng_v1,4.03,hip_flexion_r,3.691188869032895,9.650080630677907,0.9931345849007416,38.250342254120554,42.5119829,-3.173720686587166
neves,ng_v1,4.03,hip_adduction_r,2.717431883299248,17.180273042486803,0.9354959467718942,15.817163537384074,22.55226019,1.1578109673478119
neves,ng_v1,4.03,hip_rotation_r,12.605891924762261,68.11985739432868,0.25178490515925184,18.50545847709271,13.17412845,11.744610183136329
neves,ng_v1,4.03,knee_angle_r,2.7823317410149406,4.660631719766353,0.989251784496519,59.698596849322065,59.77928343,-0.2831333649404537
neves,ng_v1,4.03,ankle_angle_r,18.04022511171084,53.547835628089466,0.552971352475431,33.68992397191777,123.51042816,2.198343725219796
neves,ng_v1,4.03,hip_flexion_l,5.129708779203968,13.51857432416675,0.9912450657802442,37.94563432649656,55.89284533,-2.680379682172067
neves,ng_v1,4.03,hip_adduction_l,2.876997464093277,18.917524739063634,0.9057556714567869,15.208107317298431,19.87579072,1.0249838439724472
neves,ng_v1,4.03,hip_rotation_l,3.276787336950835,19.79033535431348,0.6814426712739408,16.557512938943855,7.967762969999999,1.1786768686915037
neves,ng_v1,4.03,knee_angle_l,2.7968846347419425,4.916495857192911,0.989538571549655,56.887765513929125,60.674348959999996,-0.13392078292701223
neves,ng_v1,4.03,ankle_angle_l,5.399894321750405,16.28115985930465,0.944351970044271,33.166521110376394,27.56281379,4.787845567175048
neves,ng_v2,4.48,pelvis_tilt,4.218265806805579,133.77170704187756,0.5577494210282183,3.1533318218665185,6.652925300000001,3.986230158069896
neves,ng_v2,4.48,pelvis_list,1.5938164001463468,21.510326613247095,0.9215655707777328,7.409540676917468,11.35861208,0.36430406025693063
neves,ng_v2,4.48,pelvis_rotation,1.1505300169480346,24.71834881109681,0.8837602290627637,4.654558545721011,8.25627232,-0.1568344846603638
neves,ng_v2,4.48,hip_flexion_r,5.171151937508778,12.346638394124662,0.9947257924514411,41.88307596316703,46.793048,-4.772263947295466
neves,ng_v2,4.48,hip_adduction_r,2.326146294778204,14.672217431946544,0.9666143075277055,15.854088215141708,20.265977409999998,1.151593686904801
neves,ng_v2,4.48,hip_rotation_r,13.455529559658899,74.50858346174176,0.27937023973961334,18.059032844944593,9.74233057,12.79300623009846
neves,ng_v2,4.48,knee_angle_r,2.688033661984212,4.013756768573645,0.9928269804024783,66.97051707344612,66.31502836000001,1.4642437405859519
neves,ng_v2,4.48,ankle_angle_r,7.305261988617425,16.88385884861208,0.9721505464397342,43.267727206911275,42.8980801,6.872443072807244
neves,ng_v2,4.48,hip_flexion_l,5.265051403127022,11.83471491671681,0.9945033120884258,44.488197985149725,52.83660648,-3.8414670084847438
neves,ng_v2,4.48,hip_adduction_l,2.409546410461974,15.153927800962352,0.936236718896286,15.900474399178247,19.32233247,0.3888453799952542
neves,ng_v2,4.48,hip_rotation_l,3.5771653017700418,20.526059235611463,0.609859335860492,17.42743339434526,10.221201619999999,-1.3002191095574573
neves,ng_v2,4.48,knee_angle_l,3.7428383417518045,6.246790959319527,0.9950421160533934,59.916177220047686,64.77612067999999,2.456566389566052
neves,ng_v2,4.48,ankle_angle_l,6.340814547586242,15.812277963460264,0.9535926893104011,40.100576034894445,31.674849020000003,5.293588839500407
rehema,ng_v0,3.05,pelvis_tilt,3.348426583349794,54.432473591425776,0.9356187295270113,6.15152382837373,16.28746971,2.495859888847513
rehema,ng_v0,3.05,pelvis_list,1.358711634600631,56.55555647794787,0.6255676179253982,2.402437035749829,2.9411257199999996,1.1304059951808936
rehema,ng_v0,3.05,pelvis_rotation,1.9568361548364421,31.941076254383137,0.9304670173972782,6.126393923773667,5.0702767600000005,-1.82088087993374
rehema,ng_v0,3.05,hip_flexion_r,5.665435416800444,29.515776047718695,0.9912485954797258,19.19460090644756,35.605080400000006,-3.713199250083795
rehema,ng_v0,3.05,hip_adduction_r,2.4604886458723407,66.41834963915922,0.8494896140977554,3.7045314423495936,4.661563190000001,-2.3751852245491456
rehema,ng_v0,3.05,hip_rotation_r,8.277749550749594,87.17257188015046,0.6468471088267401,9.495818893734477,2.9799073099999998,8.174813490920974
rehema,ng_v0,3.05,knee_angle_r,2.816290915375623,10.6868057061669,0.9895717605033453,26.35297199939231,33.882277769999995,-1.2844912656480691
rehema,ng_v0,3.05,ankle_angle_r,4.780672925009891,51.90792527318352,0.8311601692760863,9.20990946921869,5.7631833000000015,4.6553204342557715
rehema,ng_v0,3.05,hip_flexion_l,4.65774698288216,60.72905585931046,0.9504864967813009,7.6697174309323195,21.795148979999997,-3.1973699774319213
rehema,ng_v0,3.05,hip_adduction_l,0.8836193681199807,34.02413772871258,0.7759201589250592,2.5970367718512506,4.43864117,0.43118940278489354
rehema,ng_v0,3.05,hip_rotation_l,2.369020976572642,44.849072387200316,0.8248032215395356,5.282207302126382,3.5285384299999993,2.2760135629852303
rehema,ng_v0,3.05,knee_angle_l,1.981770836278622,68.83035635409995,0.1444938194565616,2.8792104839372605,5.31728256,-1.5533104136836098
rehema,ng_v0,3.05,ankle_angle_l,1.5200661144146015,83.51751827608798,0.1376716625954365,1.8200566130205686,1.6881810200000018,1.3720655353993976
rehema,ng_v1,3.57,pelvis_tilt,6.186077480626965,154.66669748899835,-0.3377856806324399,3.9996182636969984,14.44107785,-4.530598257464571
rehema,ng_v1,3.57,pelvis_list,7.203098308245937,256.76572560575056,0.7506656130632402,2.805319242376567,24.53032349,0.6659373010062725
rehema,ng_v1,3.57,pelvis_rotation,2.1635698314669516,22.72777231994795,0.9380866265428275,9.51949800010979,14.87303043,1.0656788873716265
rehema,ng_v1,3.57,hip_flexion_r,9.205747469512255,30.386243976856054,0.9073274886928306,30.29577290475221,47.83769468999999,7.472016452388742
rehema,ng_v1,3.57,hip_adduction_r,9.593275659449503,88.0866219468896,0.6194532293823571,10.89072942907677,35.65470633,-1.7582172283615327
rehema,ng_v1,3.57,hip_rotation_r,4.643342268734308,53.54939506172579,0.06757858193372308,8.67113860648095,7.733877940000001,3.4894816555752834
rehema,ng_v1,3.57,knee_angle_r,3.337044661673473,5.633210419650629,0.994487305958486,59.23877173188279,60.63806208999999,2.156601526302406
rehema,ng_v1,3.57,ankle_angle_r,7.314100846273005,21.22811731397919,0.9333465977256208,34.454778716794195,27.471371939999997,6.790008355303755
rehema,ng_v1,3.57,hip_flexion_l,10.605181860077613,36.73626354907306,0.950173960573751,28.868428183805335,48.51226935,8.530561650402358
rehema,ng_v1,3.57,hip_adduction_l,9.526382743766273,104.28121098355633,0.7999197849590939,9.135282045457306,35.78272225,-0.8312361042748064
rehema,ng_v1,3.57,hip_rotation_l,3.7783336351564745,50.943272766134704,0.24895765645113424,7.416746961864173,15.11349946,2.787614500029913
rehema,ng_v1,3.57,knee_angle_l,4.312155831673669,8.393636236054585,0.981203457996472,51.374109032161144,55.95897228,2.9804706791758573
rehema,ng_v1,3.57,ankle_angle_l,4.012646410715426,12.262361670727843,0.8696117953864643,32.72327565002617,29.98117795,2.3606935244725626
rehema,ng_v2,4.07,pelvis_tilt,13.860700008504589,311.54115514917316,-0.4371728460353285,4.449075115571091,39.09418483,-10.245381657706131
rehema,ng_v2,4.07,pelvis_list,9.900785830019844,319.8644214708591,0.5693682684194766,3.095307000538616,34.76050309,-5.1994845858507635
rehema,ng_v2,4.07,pelvis_rotation,1.7851493254592012,22.75700871542646,0.9362098262592247,7.844393557089465,11.680502870000002,0.8812356324742595
rehema,ng_v2,4.07,hip_flexion_r,20.279113734111213,67.28253208583217,0.5213656630841981,30.14023566806492,68.95532953,14.984521799192226
rehema,ng_v2,4.07,hip_adduction_r,9.65404291679036,86.64411477206745,0.7610999192719148,11.142179641614451,39.56169304,3.7686309236867404
rehema,ng_v2,4.07,hip_rotation_r,5.199133460476498,56.683015596402186,0.26187656040769447,9.172295097169282,21.874567820000003,2.230601933294381
rehema,ng_v2,4.07,knee_angle_r,5.280919954909035,9.514660174262115,0.983661530143512,55.50298022407914,64.6794563,3.676414593945944
rehema,ng_v2,4.07,ankle_angle_r,10.31571352374926,25.762427152707083,0.9643480655764396,40.04169895407272,24.12022267,9.940986908264305
rehema,ng_v2,4.07,hip_flexion_l,14.319474833596875,49.54564865460981,0.9678277899710995,28.90157909409985,52.19622341,13.019935631641745
rehema,ng_v2,4.07,hip_adduction_l,10.864021411332349,111.79300472221003,0.8177601711965129,9.71797961628093,35.720879929999995,-6.342379686525058
rehema,ng_v2,4.07,hip_rotation_l,22.016810959941587,252.21350854622787,0.37274406044471514,8.729433679761113,105.77159087999999,5.290906452158581
rehema,ng_v2,4.07,knee_angle_l,5.572826334616221,10.873655299424982,0.9664861147610319,51.250717271780005,57.21251288,3.055680255264919
rehema,ng_v2,4.07,ankle_angle_l,20.207146449318035,64.91753264026,0.3935066040625726,31.12740984981019,92.19374217,-6.093633164408728
rushda,ng_v0,3.56,pelvis_tilt,2.7485482164407067,170.81580211937475,-0.5139656721879815,1.6090713987455807,2.701099639999999,-2.5711160541528866
rushda,ng_v0,3.56,pelvis_list,1.5381136776275997,206.47429817305743,0.8285140354632587,0.7449419570557989,0.47476374,-1.53614468328115
rushda,ng_v0,3.56,pelvis_rotation,1.3468107420392923,113.01712240703645,0.5715801890720366,1.19168734201946,1.0720835100000001,1.3275754280836525
rushda,ng_v0,3.56,hip_flexion_r,2.3232862443693714,111.1982115440943,-0.43085653607299024,2.089319794004151,2.5782656499999987,2.1178658576963234
rushda,ng_v0,3.56,hip_adduction_r,0.11423347372070923,13.725493856141775,0.8370624508179297,0.8322722294585629,0.69091609,-0.0018419261444041087
rushda,ng_v0,3.56,hip_rotation_r,1.2678814538610197,35.74506402716669,-0.8683469508350861,3.5470112821658795,1.68134594,-0.36949505419529427
rushda,ng_v0,3.56,knee_angle_r,1.489519364779369,40.7228828846132,0.9457682797138716,3.6576962613375574,3.6327847899999997,1.455150586792735
rushda,ng_v0,3.56,ankle_angle_r,3.9615128362112197,124.98178761649991,0.6881766168125263,3.169672087237954,2.3592901400000006,3.9271676427363746
rushda,ng_v0,3.56,hip_flexion_l,3.457298243330954,184.08520915676195,-0.529282919130966,1.878096702699679,2.282758099999999,3.3273971751404967
rushda,ng_v0,3.56,hip_adduction_l,0.4253536341333317,41.925205448201275,0.8777113802823324,1.014553487779225,1.05279245,0.40514554719577406
rushda,ng_v0,3.56,hip_rotation_l,3.066652114177837,147.86662470046195,-0.5087869640847493,2.073931233900855,1.0759907999999996,2.9742214411479027
rushda,ng_v0,3.56,knee_angle_l,0.2419781441329588,7.509779779979247,0.9836042071151533,3.22217363521181,2.64369135,-0.2133381290528819
rushda,ng_v0,3.56,ankle_angle_l,0.31172504544128016,17.10783247571055,0.8536944573967619,1.8221188796644041,1.9315871600000003,0.17063170158325736
rushda,ng_v1,4.09,pelvis_tilt,3.133734529263915,72.06628208770873,0.6164731310768272,4.348405993041217,9.41134533,-2.6583305270595785
rushda,ng_v1,4.09,pelvis_list,4.551537894440434,137.37084716771798,0.4164615885660257,3.313321558600711,14.25920632,-2.3983530438388803
rushda,ng_v1,4.09,pelvis_rotation,1.393673342196942,23.30109388788687,0.873815989309596,5.981149850314308,9.53618662,0.5476131965729574
rushda,ng_v1,4.09,hip_flexion_r,5.163540179823341,13.23422218276874,0.9830476289422784,39.016574669166346,44.56279498000001,4.370915979005817
rushda,ng_v1,4.09,hip_adduction_r,5.306913147509041,64.89743345501246,0.8979225422490338,8.177385244653545,22.62480977,0.7057801612122083
rushda,ng_v1,4.09,hip_rotation_r,10.522882970346426,45.10741840343005,0.561541360260444,23.32849749066164,7.917764830000001,9.502363760659133
rushda,ng_v1,4.09,knee_angle_r,4.662124368874654,7.431652820908948,0.9995070297269584,62.73334453619485,66.5218431,4.49397661359713
rushda,ng_v1,4.09,ankle_angle_r,4.961265371825241,12.415115991453833,0.9190053914372527,39.96149029328777,29.728493280000002,3.968485798714228
rushda,ng_v1,4.09,hip_flexion_l,5.383507717866336,14.744486113944605,0.9776482482398352,36.51200642913476,36.65468145,4.798383806944319
rushda,ng_v1,4.09,hip_adduction_l,5.16632483968162,64.1310700926194,0.8252622248546735,8.055884350939893,21.74128894,-0.29515533596141824
rushda,ng_v1,4.09,hip_rotation_l,7.11786688498712,47.087628808112065,0.7214686077159567,15.116214311817043,12.416289339999999,6.227958420666058
rushda,ng_v1,4.09,knee_angle_l,3.153817115674442,5.10560068042303,0.9992912411806424,61.77171528058339,69.22010921,1.5218819516871815
rushda,ng_v1,4.09,ankle_angle_l,4.783894265649343,10.585807123425479,0.9793528180006074,45.191587281644274,34.13415763,3.427385651589241
rushda,ng_v2,4.6,pelvis_tilt,2.7213523854830663,50.701799483223056,0.8172646419957714,5.367368442975179,7.351970140000001,-2.4804534254865094
rushda,ng_v2,4.6,pelvis_list,3.727284299374421,87.37980495395433,0.09711431013722713,4.265612976978549,11.88902987,-1.473180985332634
rushda,ng_v2,4.6,pelvis_rotation,1.482853128415893,21.40653418091642,0.9064328176741889,6.927105134738872,10.63701783,-0.30300240001211637
rushda,ng_v2,4.6,hip_flexion_r,4.883950939289619,12.411935113195165,0.9872972833767771,39.3488275176163,44.133456370000005,4.237736685569232
rushda,ng_v2,4.6,hip_adduction_r,4.649229721143596,55.64325401448882,0.8312412438406409,8.355423857729445,20.776495150000002,-0.8411919839107771
rushda,ng_v2,4.6,hip_rotation_r,10.323269207452226,60.86624586035394,0.3711387474296629,16.960581454517516,7.9153085700000005,9.39582643523056
rushda,ng_v2,4.6,knee_angle_r,5.239955775312475,7.946520031577952,0.9979876672758518,65.94025755286454,69.60601448,5.041514924038415
rushda,ng_v2,4.6,ankle_angle_r,4.662531024712574,10.744152252905112,0.94049994709478,43.39598802178061,34.211223939999996,3.4821532399393367
rushda,ng_v2,4.6,hip_flexion_l,4.035531667868604,10.689184450764163,0.9854142288120055,37.753410341610355,41.485542609999996,3.488701340714792
rushda,ng_v2,4.6,hip_adduction_l,4.861052597780921,65.12713169790526,0.6387149955902948,7.463943937112267,19.87269622,0.8694754990364358
rushda,ng_v2,4.6,hip_rotation_l,6.5347313439625845,41.25825642875503,0.7218328934872243,15.838602766083417,13.55267695,5.799771247997692
rushda,ng_v2,4.6,knee_angle_l,2.426892787177694,3.8771780887675793,0.9987901575852144,62.5943078087785,69.8636556,0.14005244516999674
rushda,ng_v2,4.6,ankle_angle_l,4.3579664697462706,11.386062058877457,0.9625255953708015,38.27457155258048,29.83926316,3.358295565888211
yaxkin,ng_v0,2.57,pelvis_tilt,5.435977437961242,545.637324927666,0.7075932662049816,0.9962620205063644,3.5446658199999987,5.403448914097461
yaxkin,ng_v0,2.57,pelvis_list,1.7485429387315592,174.5649317055749,0.8998352565772584,1.0016576191148694,1.3958162399999998,1.740597981124386
yaxkin,ng_v0,2.57,pelvis_rotation,0.43673426234595325,31.042456354378345,0.859519214112673,1.4068933764784197,1.1291267200000001,0.4137574948608426
yaxkin,ng_v0,2.57,hip_flexion_r,8.385638804353611,725.572956633323,0.5881966064550107,1.1557264817673456,3.552416050000005,-8.361221861498947
yaxkin,ng_v0,2.57,hip_adduction_r,2.367903974965455,175.34687080146634,0.01435381553869923,1.3504113099608581,0.4227993999999997,-2.3355178213787995
yaxkin,ng_v0,2.57,hip_rotation_r,4.852870983074698,433.2126948537258,0.5467211752924901,1.1202051649740479,2.86944246,4.8064437708310095
yaxkin,ng_v0,2.57,knee_angle_r,3.295302465813574,269.7714243994196,0.8660011990836232,1.221516501664238,1.3068858400000005,-3.2897293108161456
yaxkin,ng_v0,2.57,ankle_angle_r,1.3621978977617135,342.888719684059,0.31381451579150976,0.39727113187533725,1.2165149500000005,1.329293377322209
yaxkin,ng_v0,2.57,hip_flexion_l,5.530709041149171,428.52980765448825,0.6751392331366679,1.2906241158394351,4.034060239999995,-5.4852879261988905
yaxkin,ng_v0,2.57,hip_adduction_l,4.5874450652278265,850.1408897528602,0.6444125503633369,0.5396099776545764,0.5098185200000005,4.586461383611589
yaxkin,ng_v0,2.57,hip_rotation_l,0.7036243957771156,82.55768264960143,0.361066631752465,0.8522821537560593,0.5429814000000001,-0.6800388417896781
yaxkin,ng_v0,2.57,knee_angle_l,1.4593231888049107,186.4839705543341,0.8354990287892039,0.7825461804931493,1.2501182199999992,-1.4496985060049876
yaxkin,ng_v0,2.57,ankle_angle_l,0.6325259648550037,216.83944468888257,0.644889285671992,0.29170244637111153,1.1077248499999985,-0.5913474717800461
yaxkin,ng_v1,3.02,pelvis_tilt,6.017229729654129,120.9005711530494,0.031871250998546506,4.977006867930218,6.390435250000003,5.722927783681538
yaxkin,ng_v1,3.02,pelvis_list,7.195416315252795,199.31016319252996,-0.4587491262499091,3.610160264783967,19.38744064,2.3148076093420245
yaxkin,ng_v1,3.02,pelvis_rotation,2.8767428955158025,30.426161039410488,0.8580536834401985,9.454833594647733,17.9728656,-0.43547478293925507
yaxkin,ng_v1,3.02,hip_flexion_r,7.277719582677876,19.572702098345882,0.9909300170579908,37.18300899952351,50.31448749,-5.254004992831742
yaxkin,ng_v1,3.02,hip_adduction_r,11.092658966516435,86.96041919151605,0.3583126311822766,12.755986079237584,35.1970376,-4.2319407160390545
yaxkin,ng_v1,3.02,hip_rotation_r,11.471081555999861,98.90947923700125,-0.37584053268771733,11.597555304596751,12.07364171,10.160871604194874
yaxkin,ng_v1,3.02,knee_angle_r,4.810171877413375,8.123959476188759,0.9854836050415936,59.20969807286631,67.7943332,2.194477590955856
yaxkin,ng_v1,3.02,ankle_angle_r,5.9806539477339165,11.924242923482328,0.9249682259236719,50.15541855455038,37.43981127,3.6592665131155138
yaxkin,ng_v1,3.02,hip_flexion_l,2.2369769306585097,5.629612317007584,0.9874145366403354,39.735896624717725,44.89722431,0.37955798678085273
yaxkin,ng_v1,3.02,hip_adduction_l,11.59965660975213,114.68125476558812,0.24629532315046052,10.114692792176168,35.4360566,4.501186473198466
yaxkin,ng_v1,3.02,hip_rotation_l,6.641626078182811,44.33814927622451,0.392022367158763,14.979484228820205,18.7989204,3.469842222158584
yaxkin,ng_v1,3.02,knee_angle_l,5.8186800368072005,9.519065071986835,0.9889805595085196,61.126591664245396,59.23690315,5.092772219466687
yaxkin,ng_v1,3.02,ankle_angle_l,3.187651856953245,8.175171588252015,0.9340652748897743,38.99186485007854,33.49547784,0.3661057536802781
yaxkin,ng_v2,3.96,pelvis_tilt,6.169373951072611,99.84990952172386,0.2151612221422062,6.178647512675383,53.17816039,4.458509771556952
yaxkin,ng_v2,3.96,pelvis_list,8.103813084514623,307.32475874259717,-0.3555602138004001,2.636889106387309,33.444498020000005,2.3620611129364595
yaxkin,ng_v2,3.96,pelvis_rotation,3.0843049622371277,26.979394237170546,0.8961252154327936,11.432076402915534,19.06680911,-0.2618299552237288
yaxkin,ng_v2,3.96,hip_flexion_r,7.9998499793822395,18.81543576222709,0.934537322954306,42.51748447645486,102.31887947999999,-3.355662027096358
yaxkin,ng_v2,3.96,hip_adduction_r,11.942048704812501,88.74738594389171,0.4530165850444094,13.456225868289302,37.35373428,-4.095966366304705
yaxkin,ng_v2,3.96,hip_rotation_r,13.164460309751046,100.99799452823788,-0.014249610283463261,13.034377931207748,31.4727501,11.798181500297057
yaxkin,ng_v2,3.96,knee_angle_r,5.111055272821369,8.09787595972393,0.9882454606914775,63.11599854384054,83.06679863,2.683630686230374
yaxkin,ng_v2,3.96,ankle_angle_r,4.984287793261506,15.656564230034018,0.8918827284479014,31.83513138661762,25.953274790000002,3.2425741734168567
yaxkin,ng_v2,3.96,hip_flexion_l,3.75022890695182,9.232618840706932,0.9724200608641266,40.61934074887759,53.60260065,1.3212910888255363
yaxkin,ng_v2,3.96,hip_adduction_l,12.461371129022634,108.65034760306978,0.39550643301121247,11.469241842232774,39.16232837,4.066430747374742
yaxkin,ng_v2,3.96,hip_rotation_l,10.676576288548253,70.15843703212674,0.2923858186441893,15.217808064423195,95.20964318,5.68265245554517
yaxkin,ng_v2,3.96,knee_angle_l,5.732854023928901,10.403473642222883,0.9852172755484698,55.105191026407766,58.8246794,4.811632416735654
yaxkin,ng_v2,3.96,ankle_angle_l,5.181973123827502,13.073078949830919,0.8316046266769239,39.638505540383996,59.57271157,-0.2879621982021736
ziri,ng_v0,3.59,pelvis_tilt,8.271105433242111,173.84008042893475,0.45113056598251683,4.757881734082211,42.07815229,-5.705068713617841
ziri,ng_v0,3.59,pelvis_list,2.557814384653181,155.96160470690046,-0.2230635504783552,1.640028255326108,15.72317341,0.45800920307365545
ziri,ng_v0,3.59,pelvis_rotation,1.0072488300258864,48.37571629717187,0.8851513654254541,2.082137293509744,2.06271639,0.9753798154820655
ziri,ng_v0,3.59,hip_flexion_r,9.417926199251092,159.09456947633097,0.6964057273041909,5.919703123903439,32.21349954,8.300394247180607
ziri,ng_v0,3.59,hip_adduction_r,5.1615494646675675,377.1092596365294,0.31139229803125873,1.3687145920634363,33.27687593,0.3550665501328042
ziri,ng_v0,3.59,hip_rotation_r,18.607323330812292,786.4543331006328,-0.42199964201442053,2.36597632534518,116.86376779000001,-6.85069252646759
ziri,ng_v0,3.59,knee_angle_r,4.938234663961731,113.49345283375867,-0.7817380725135243,4.35111853649839,17.1138902,3.922385164460688
ziri,ng_v0,3.59,ankle_angle_r,11.804259078939758,251.05700986810234,-0.6390848363354877,4.70182413354694,53.04629558,8.344104771712116
ziri,ng_v0,3.59,hip_flexion_l,11.284775108177271,84.38015374771518,0.39246511241115917,13.3737313893942,68.15015934,5.325879534643286
ziri,ng_v0,3.59,hip_adduction_l,2.305086272269742,206.95262168777043,0.44460380638460584,1.1138231801418912,14.851495319999998,0.5290151744996057
ziri,ng_v0,3.59,hip_rotation_l,21.060066864593217,539.2301553542995,-0.35831231598305163,3.90558032696739,42.062053809999995,19.835829319068292
ziri,ng_v0,3.59,knee_angle_l,4.425868956787132,24.7250469147013,0.6363825294569494,17.90034604203541,29.785472159999998,0.520371342677407
ziri,ng_v0,3.59,ankle_angle_l,2.680042270283705,38.097906533843386,0.23505663820651032,7.034618209016163,9.6654003,1.8962436522283233
ziri,ng_v1,4.09,pelvis_tilt,12.979131736374264,194.1506843219092,-0.061795522528164226,6.685081632189547,29.56448427,-10.755842078302003
ziri,ng_v1,4.09,pelvis_list,16.76834767956379,349.37855799337757,0.037329219098278806,4.7994781866040075,60.30623618,8.275439204802918
ziri,ng_v1,4.09,pelvis_rotation,18.718751755306524,312.72803581231045,-0.34912732259911117,5.9856327580879025,65.42192609,-5.35950698901353
ziri,ng_v1,4.09,hip_flexion_r,36.70117394786752,80.52299297468905,0.1779651634564326,45.5785019806751,104.68404033,25.02932898388611
ziri,ng_v1,4.09,hip_adduction_r,11.822224152431787,81.63020613664098,0.8886165566575714,14.482658701905688,54.09332485,-0.000728325083291159
ziri,ng_v1,4.09,hip_rotation_r,18.58627865535248,154.27805872164765,0.44385609851894636,12.047259869199099,71.6116198,8.9448231715528
ziri,ng_v1,4.09,knee_angle_r,20.316804663762984,30.388035816963168,0.8016936946961395,66.85790679640363,68.88181576,13.336506080924485
ziri,ng_v1,4.09,ankle_angle_r,3.5333668154188564,10.37561479633565,0.9486745247572386,34.05452963294988,32.18108949,2.0940157117094995
ziri,ng_v1,4.09,hip_flexion_l,23.789831637858832,59.815731328156154,0.8323355373222676,39.7718645406925,95.84181343,18.15598741306209
ziri,ng_v1,4.09,hip_adduction_l,15.713318622272588,107.51784901682566,0.7993936304150534,14.614614006846049,65.26983809,-0.1975407427793725
ziri,ng_v1,4.09,hip_rotation_l,19.20304458725739,107.07124354467422,0.10173595093376357,17.934829139483327,70.50719857,0.0237263070998329
ziri,ng_v1,4.09,knee_angle_l,10.210547145520973,15.691811224126697,0.964931878588826,65.069270842501,71.02517798000001,8.002741615924398
ziri,ng_v1,4.09,ankle_angle_l,4.704205983030541,11.557205250956812,0.8702848841945986,40.70366391252837,36.67191116,2.09745589885019
ziri,ng_v2,4.59,pelvis_tilt,13.180064985096806,249.79218766180117,0.2358304900471128,5.276412008105542,38.23101999,-10.846967433639012
ziri,ng_v2,4.59,pelvis_list,17.22909031609241,277.49725480110567,0.08112806792153301,6.208742615649025,61.98931786,5.752272225599613
ziri,ng_v2,4.59,pelvis_rotation,18.346468310351597,365.64776983428476,0.14102064358085,5.017525012846763,63.05137786,-4.80984807648459
ziri,ng_v2,4.59,hip_flexion_r,36.59404151774362,83.35864798950487,0.1843967125492184,43.899514207993064,112.52627206000001,24.040830443395688
ziri,ng_v2,4.59,hip_adduction_r,12.031547529670565,84.60179404151754,0.8552551193351154,14.221385806270487,51.67523464,4.619742603644368
ziri,ng_v2,4.59,hip_rotation_r,20.129151292838184,177.00764869792843,0.3119920362827575,11.371910446191787,68.61153644000001,10.520122413660168
ziri,ng_v2,4.59,knee_angle_r,19.151554594067342,29.48284239197328,0.779989252441014,64.95830469616241,82.21629099,12.4065206155619
ziri,ng_v2,4.59,ankle_angle_r,4.247653346415137,12.00714994634689,0.8850783394648709,35.3760331585387,30.54991559,3.0215317836125166
ziri,ng_v2,4.59,hip_flexion_l,25.042875061269164,60.458213061507884,0.8407474534402162,41.42179166921704,106.21181587000001,18.51183104975868
ziri,ng_v2,4.59,hip_adduction_l,13.746367311806285,91.02756528552189,0.8645663584749962,15.101323723960649,61.53554973,-4.36498637956904
ziri,ng_v2,4.59,hip_rotation_l,19.833485977499304,139.97133204749244,0.2768353841742495,14.169677238457501,72.25607862,-1.0936072251804767
ziri,ng_v2,4.59,knee_angle_l,10.777902666003115,16.630455660725637,0.9683276266104446,64.8082222512768,88.19355928,7.642742588906557
ziri,ng_v2,4.59,ankle_angle_l,2.9391533535539898,9.340114896927357,0.9456404830739845,31.468064215365178,29.13838356,-0.6054686202379796
