subject,segment_label,velocity_kmh,muscle,muscle_label,rmse_m,nrmse_pct_of_imu_rom,corr,imu_rom,omc_rom,mean_bias
austra,ng_v0,3.54,glut_med1_r,Glut. medius,0.023858994097163775,116.6395900458154,0.02059175498229996,0.020455313747066578,0.0787471608316393,0.010338001728953022
austra,ng_v0,3.54,rect_fem_r,Rect. femoris,0.03574652035082026,59.86828986790693,0.19735545156250195,0.059708604387550046,0.12086311337493477,0.01515666748433257
austra,ng_v0,3.54,vas_lat_r,Vast. lateralis,0.01579416420971479,34.75028120593227,0.5307873756989052,0.045450464461330886,0.05347239190213149,-0.000623641250088361
austra,ng_v0,3.54,tib_ant_r,Tib. anterior,0.006912321979023168,21.212495537462576,0.8092318438317037,0.032586085719219504,0.024243427671808315,-0.005312611565099333
austra,ng_v0,3.54,soleus_r,Soleus,0.004699584300581927,18.41448000245431,0.8544299192937154,0.025521134997868844,0.01840108535042173,0.003727600409557345
austra,ng_v0,3.54,med_gas_r,Med. gastrocnemius,0.0043989159522204125,19.639958602534023,0.8019466571030532,0.022397786274625076,0.021254647321842568,0.002795100125031106
austra,ng_v0,3.54,semimem_r,Semimembranosus,0.023710845993210123,55.102039612461816,0.30709362288390096,0.0430307955204034,0.08277948728532414,-0.008343580393807042
austra,ng_v0,3.54,semiten_r,Semitendinosus,0.03127611460099574,68.17403984370188,0.2290410222095252,0.045876868486450895,0.10188891705804648,-0.015122328341437466
austra,ng_v0,3.54,bifemlh_r,Biceps femoris LH,0.030475738127190892,84.69088991610056,0.12819388412077154,0.035984671028231996,0.10251884794928307,-0.0123364923930572
austra,ng_v0,3.54,bifemsh_r,Biceps femoris SH,0.006824315998074491,32.22254972981966,0.8298245753651246,0.021178696457279655,0.006614509190892126,0.0034403419426396785
austra,ng_v1,4.02,glut_med1_r,Glut. medius,0.01749058579583252,108.78875463349216,0.17272469577266722,0.016077567809980056,0.07792110765248825,-0.0048048151956172494
austra,ng_v1,4.02,rect_fem_r,Rect. femoris,0.12217934797744293,169.0764935107456,0.6178293343702292,0.07226276429116851,0.1345039191063312,-0.11966214893351487
austra,ng_v1,4.02,vas_lat_r,Vast. lateralis,0.12479359181295707,297.7544308220649,0.8415271902633457,0.04191158179188692,0.055576567359196916,-0.12427371055008436
austra,ng_v1,4.02,tib_ant_r,Tib. anterior,0.006837794158015024,39.12489043955488,0.6420575406178735,0.017476839120045384,0.020084165697471568,0.005482138908198519
austra,ng_v1,4.02,soleus_r,Soleus,0.0039338519377373786,27.23519023716702,0.5504156657069216,0.014444003891586454,0.016399443393255386,0.0005563224419115048
austra,ng_v1,4.02,med_gas_r,Med. gastrocnemius,0.04401439965807652,171.9102262363706,0.5646903597297351,0.025603130553477516,0.01545488139131479,0.04352768404494364
austra,ng_v1,4.02,semimem_r,Semimembranosus,0.07262697113687752,128.97427750639343,0.29590772286040484,0.05631120603352657,0.08272339675782442,0.06985781669217819
austra,ng_v1,4.02,semiten_r,Semitendinosus,0.08512056302966352,124.54445837881897,0.34877765106189484,0.06834552427114637,0.10193381119158929,0.08185932349850292
austra,ng_v1,4.02,bifemlh_r,Biceps femoris LH,0.05737852818488844,114.93477652535175,0.3999469164431238,0.04992268651797671,0.1023272616491337,0.05335833285415125
austra,ng_v1,4.02,bifemsh_r,Biceps femoris SH,0.06543320422933983,561.2573598771817,-0.5863267372062653,0.011658324488369898,0.016491603426371126,0.06521756058340106
austra,ng_v2,4.46,glut_med1_r,Glut. medius,0.027828892232829725,179.73841518812404,0.1000848002041063,0.015482996333144747,0.09882229696405445,0.010442837259740819
austra,ng_v2,4.46,rect_fem_r,Rect. femoris,0.11779588568621749,154.1154828413574,-0.5606988940793759,0.0764335182387052,0.0837537726650095,-0.1114500814027643
austra,ng_v2,4.46,vas_lat_r,Vast. lateralis,0.13132738440566347,307.97384481937456,-0.609681845468451,0.04264238233694373,0.0964729389200969,-0.1264241773148767
austra,ng_v2,4.46,tib_ant_r,Tib. anterior,0.024348691570985057,138.77604382042384,0.6739644217239408,0.017545313226029313,0.05566857528745828,0.02002877259514676
austra,ng_v2,4.46,soleus_r,Soleus,0.013280373429120468,90.13578490975978,0.7694823793248968,0.014733741368554376,0.041481491886626976,-0.009810653870461077
austra,ng_v2,4.46,med_gas_r,Med. gastrocnemius,0.03701864114669135,146.3573601678662,0.6612421303858007,0.0252933238917622,0.047282904206434606,0.035434725843159494
austra,ng_v2,4.46,semimem_r,Semimembranosus,0.03862860547161667,64.12288618639961,-0.529465862690299,0.06024152649543363,0.07711847655771514,0.017245528141614334
austra,ng_v2,4.46,semiten_r,Semitendinosus,0.04399805762165263,59.58594888738303,-0.5507579392878776,0.07383965254091801,0.08709338038664216,0.018914825057335802
austra,ng_v2,4.46,bifemlh_r,Biceps femoris LH,0.032473177156899215,61.73309050526841,-0.49070652884187654,0.05260254571918427,0.07540745204447652,0.009737014383062584
austra,ng_v2,4.46,bifemsh_r,Biceps femoris SH,0.05419182430133328,414.66450542178455,-0.4951250218380068,0.013068836033171188,0.0650564012695064,0.05070686894855661
darryl,ng_v0,4.08,glut_med1_r,Glut. medius,0.005743864327161627,93.11090443564562,0.7684531182862051,0.006168841729092586,0.02176444226145252,-0.0017635903598113487
darryl,ng_v0,4.08,rect_fem_r,Rect. femoris,0.004851336097518513,6.96295096168831,0.9945033474839949,0.06967356404219466,0.07532095793821386,-0.0032132200671101023
darryl,ng_v0,4.08,vas_lat_r,Vast. lateralis,0.003369908592414566,5.633852354603956,0.995622753752654,0.05981535156242945,0.05838820068987696,-0.0027005086014300606
darryl,ng_v0,4.08,tib_ant_r,Tib. anterior,0.006308172289686782,26.157204858489003,0.505648829273968,0.02411638523234466,0.015404844598978007,-0.001373322865419977
darryl,ng_v0,4.08,soleus_r,Soleus,0.003424178545902413,17.83068869092255,0.8304767709054524,0.01920384907872702,0.01828757025168054,-0.0010544050242731744
darryl,ng_v0,4.08,med_gas_r,Med. gastrocnemius,0.00480738160100331,26.22828326599832,0.7443891589551273,0.018328998326914814,0.01640464417552001,-0.003188666392191562
darryl,ng_v0,4.08,semimem_r,Semimembranosus,0.003578627686723192,14.150578260559394,0.9359543202506551,0.025289621532270323,0.03252420972851361,-0.0002891631843762259
darryl,ng_v0,4.08,semiten_r,Semitendinosus,0.004466576373456737,14.140907895554895,0.9516017971020003,0.031586206532472905,0.04255636485270142,0.0002879263169128381
darryl,ng_v0,4.08,bifemlh_r,Biceps femoris LH,0.004467462641181723,13.553815312077827,0.9817830114037644,0.032960923093003636,0.042297255970458636,0.0029054154755641126
darryl,ng_v0,4.08,bifemsh_r,Biceps femoris SH,0.000892585891667647,15.37651200460925,0.9382311387551749,0.005804865833032136,0.004277174915927495,0.0005053954995434653
darryl,ng_v1,4.57,glut_med1_r,Glut. medius,0.007542034386821488,62.63308264554194,0.9270687961884244,0.012041614540200682,0.03198935773973001,0.0006879915344942075
darryl,ng_v1,4.57,rect_fem_r,Rect. femoris,0.006963187862526314,9.37799731722116,0.972409051653714,0.07425026502982207,0.08388825401685773,-0.003308166554960293
darryl,ng_v1,4.57,vas_lat_r,Vast. lateralis,0.005996629797701486,9.908800754096196,0.9705760218036505,0.06051821957589107,0.056760362371750805,-0.0027735876618206422
darryl,ng_v1,4.57,tib_ant_r,Tib. anterior,0.004210388224141276,14.990144984010712,0.8289729621389197,0.028087708482021356,0.026978037674414534,-0.0004125569920517423
darryl,ng_v1,4.57,soleus_r,Soleus,0.0028546257471165366,8.869967493576796,0.961326170338473,0.0321830463210121,0.030932729768383738,-0.0013335738473060454
darryl,ng_v1,4.57,med_gas_r,Med. gastrocnemius,0.0033177484384557462,12.950811836842554,0.8680399836915458,0.025618073061778213,0.023228979365505276,-0.0011301263495645596
darryl,ng_v1,4.57,semimem_r,Semimembranosus,0.0025578867362909172,7.110952476343911,0.9869296774582874,0.03597108467255644,0.04086683494520893,0.0009382388608082662
darryl,ng_v1,4.57,semiten_r,Semitendinosus,0.003159170250955959,7.013590353138883,0.9900345075219721,0.04504355247297975,0.05279816593199382,0.000936340585756077
darryl,ng_v1,4.57,bifemlh_r,Biceps femoris LH,0.0045811755609839,10.167538684492076,0.9888501660150785,0.04505687859315732,0.05295261857271544,0.002860063516511707
darryl,ng_v1,4.57,bifemsh_r,Biceps femoris SH,0.0010398211286755746,13.6547555165722,0.8614339081126355,0.0076150841910980205,0.008573601961530675,0.00027017550527206415
darryl,ng_v2,5.09,glut_med1_r,Glut. medius,0.007975391380437746,61.47273296015784,0.940232302578124,0.012973868244326822,0.032412948161024954,-0.001513688093241403
darryl,ng_v2,5.09,rect_fem_r,Rect. femoris,0.006779877423521723,9.107199685270832,0.984831955124433,0.07444524835100397,0.07877722929480135,-0.004818003643483258
darryl,ng_v2,5.09,vas_lat_r,Vast. lateralis,0.006365641367962442,10.855424218601659,0.9834081929362855,0.058640189823760125,0.05450690266818786,-0.004319646484044089
darryl,ng_v2,5.09,tib_ant_r,Tib. anterior,0.004389755696109748,16.367730023779885,0.8321423578922852,0.02681957540680402,0.029145823977867524,-0.0017388038172302708
darryl,ng_v2,5.09,soleus_r,Soleus,0.002696182879723856,8.541285269231535,0.949635973859234,0.031566477347810595,0.033343342669549525,3.0182144284560807e-05
darryl,ng_v2,5.09,med_gas_r,Med. gastrocnemius,0.0031874686537046934,12.76576193440398,0.8403483156071322,0.02496888685597687,0.02540359913419643,0.0005430636737923682
darryl,ng_v2,5.09,semimem_r,Semimembranosus,0.0021476636255188305,6.01277250488833,0.9872137462782482,0.03571835827437009,0.040392814167120816,0.0007437628758699842
darryl,ng_v2,5.09,semiten_r,Semitendinosus,0.0025865387619758216,5.740865110854896,0.9913206304263357,0.045054860409194486,0.05133621209972472,0.0009764038786749252
darryl,ng_v2,5.09,bifemlh_r,Biceps femoris LH,0.003999620743373016,8.95095421531592,0.9890699266685952,0.044683735914203326,0.050854220006354645,0.002926534587357421
darryl,ng_v2,5.09,bifemsh_r,Biceps femoris SH,0.001099864020009211,16.121922130328564,0.8578286393437292,0.006822164324563673,0.0075717059281451005,0.00021322123761379714
elodie,ng_v0,3.05,glut_med1_r,Glut. medius,0.0016791367663378796,32.002341384694745,0.9174619222348683,0.005246918486848384,0.005204262464566206,0.001598483714791379
elodie,ng_v0,3.05,rect_fem_r,Rect. femoris,0.0031049430525180426,69.06970516334276,0.9620204537069152,0.004495376149608821,0.005991297419580155,0.003086662202742943
elodie,ng_v0,3.05,vas_lat_r,Vast. lateralis,0.0018700384877216297,63.36574779808666,0.9682549625322696,0.002951181912474954,0.004283221813214166,0.0018503120866506652
elodie,ng_v0,3.05,tib_ant_r,Tib. anterior,0.005197347985494047,925.2633347006805,-0.4707216057721907,0.0005617155452480316,0.0022492858192547094,0.005160745186226597
elodie,ng_v0,3.05,soleus_r,Soleus,0.0018506789204767332,136.20672047573515,0.938841735734568,0.001358728052487268,0.0017373604161859957,-0.0018459551581332984
elodie,ng_v0,3.05,med_gas_r,Med. gastrocnemius,0.0030074674161170035,99.82914298998054,0.976929922483414,0.003012614679481773,0.003920121898433271,-0.003000739480595307
elodie,ng_v0,3.05,semimem_r,Semimembranosus,0.001700205738643522,64.67414489733439,0.9697312923746946,0.0026288801210166413,0.003367935016571677,-0.0016909104062982326
elodie,ng_v0,3.05,semiten_r,Semitendinosus,0.00189706948586008,115.78574546079996,0.921423807420385,0.0016384309470135472,0.0026660194167046902,-0.0018841370221554675
elodie,ng_v0,3.05,bifemlh_r,Biceps femoris LH,0.0021644643009951846,154.09475645639142,0.9187653976865383,0.001404632026922814,0.0019188205548733017,-0.002159776697218045
elodie,ng_v0,3.05,bifemsh_r,Biceps femoris SH,0.0010508770334428136,57.96519020646771,0.9709322022294938,0.0018129450273511871,0.0024737602609883336,-0.0010415530859742117
elodie,ng_v1,3.57,glut_med1_r,Glut. medius,0.02877890959099804,244.00503918488056,0.6527996848268544,0.011794391495821732,0.0940577924792659,-0.007460241719995644
elodie,ng_v1,3.57,rect_fem_r,Rect. femoris,0.08426962016591533,112.84124006106597,0.29145098634341643,0.07467980688648174,0.11698165111085784,-0.07539929992792395
elodie,ng_v1,3.57,vas_lat_r,Vast. lateralis,0.05121093101039974,76.23947098352389,-0.7559319943011544,0.06717115209451929,0.0480374734921058,-0.04007245762054797
elodie,ng_v1,3.57,tib_ant_r,Tib. anterior,0.01111415929225537,34.639881824429594,0.5097546309647668,0.032084864921268774,0.06480861134505883,-0.008212567035319628
elodie,ng_v1,3.57,soleus_r,Soleus,0.0050166937332038405,21.54957029138669,0.6843659624586989,0.02327978546843229,0.03809116151642217,0.0027571118916922804
elodie,ng_v1,3.57,med_gas_r,Med. gastrocnemius,0.009994774470708314,40.557102192377656,0.4660603961293701,0.024643709561149918,0.04273552982829831,0.008262196021123646
elodie,ng_v1,3.57,semimem_r,Semimembranosus,0.05088321186346485,243.84708055683384,0.8546704772785817,0.020866853007742048,0.11718305818636182,0.035723853057146225
elodie,ng_v1,3.57,semiten_r,Semitendinosus,0.0671449708733503,284.8449022145784,0.8049447409592078,0.023572467104490735,0.14636555775372928,0.047503203575914796
elodie,ng_v1,3.57,bifemlh_r,Biceps femoris LH,0.07093932769925944,225.66618115387422,0.7945898814784834,0.03143551565260383,0.13967758948179537,0.05445477867493267
elodie,ng_v1,3.57,bifemsh_r,Biceps femoris SH,0.009973261667807192,193.4595761429505,-0.3760430322724549,0.005155217367186715,0.031836073185668196,-0.005120641034621251
elodie,ng_v2,4.07,glut_med1_r,Glut. medius,0.023533013211448045,203.91099018247934,0.6079847015496395,0.011540826313671676,0.08756075099829391,-0.00101105787618593
elodie,ng_v2,4.07,rect_fem_r,Rect. femoris,0.07211951789297633,96.93155469111335,0.5611450853845394,0.0744025184810001,0.13038707616984752,-0.06441295423591481
elodie,ng_v2,4.07,vas_lat_r,Vast. lateralis,0.04475946866058337,67.09976308858987,-0.1691564604335644,0.06670585200351414,0.04866392177755266,-0.035182218201389774
elodie,ng_v2,4.07,tib_ant_r,Tib. anterior,0.009187537571948179,21.44827875959066,0.5899519058104895,0.042835780320320316,0.06524539048216804,-0.0037367645484058473
elodie,ng_v2,4.07,soleus_r,Soleus,0.004581649180566657,15.231756629413704,0.7718257340032515,0.030079584988373154,0.038199780873104994,0.0015650125650024692
elodie,ng_v2,4.07,med_gas_r,Med. gastrocnemius,0.008901889323934408,30.41251896445223,0.49557545140412834,0.029270476853099248,0.04397037447554264,0.006474560535324845
elodie,ng_v2,4.07,semimem_r,Semimembranosus,0.045041215319439415,204.36195874806677,0.8767779938771101,0.022039921517372663,0.11128040944763395,0.03240228701228992
elodie,ng_v2,4.07,semiten_r,Semitendinosus,0.058932318957768584,224.21551202280642,0.8904388175038149,0.026283783145108264,0.1397906108229764,0.041831357869452565
elodie,ng_v2,4.07,bifemlh_r,Biceps femoris LH,0.062340726506995896,192.09948893315638,0.9009158217631681,0.03245231252472941,0.13368063311565337,0.04740670243778978
elodie,ng_v2,4.07,bifemsh_r,Biceps femoris SH,0.007342060011796736,161.12465671711564,-0.30094778560017893,0.0045567575822284545,0.024864528161928134,-0.003973216396291717
erna,ng_v0,3.05,glut_med1_r,Glut. medius,0.008866770261930662,258.435013331091,0.19383561486745152,0.0034309477449060294,0.07953843298804324,0.003815271712928457
erna,ng_v0,3.05,rect_fem_r,Rect. femoris,0.012491931287324056,36.422121406280645,0.7410752113412493,0.03429764880518449,0.12628633588160953,-0.002954361384225952
erna,ng_v0,3.05,vas_lat_r,Vast. lateralis,0.004876740686077832,22.204526209078754,0.8053344444671767,0.021962822535181503,0.05188331847806599,0.00038851405556428707
erna,ng_v0,3.05,tib_ant_r,Tib. anterior,0.009579488388203543,116.49401813948295,-0.0661283566681093,0.008223159043869221,0.04551315967238334,0.005997359578556533
erna,ng_v0,3.05,soleus_r,Soleus,0.006324200911940339,81.86663915311908,0.2882598104673533,0.007725003710133849,0.027835567837873054,-0.004086590381832236
erna,ng_v0,3.05,med_gas_r,Med. gastrocnemius,0.005961075924660841,48.10314462686572,0.6345876981880214,0.012392279072190981,0.029745534970959553,-0.004434817288307012
erna,ng_v0,3.05,semimem_r,Semimembranosus,0.011302697425490461,75.7806670796352,0.6228909838781415,0.014915014423946493,0.08578196062219501,0.00418645802395298
erna,ng_v0,3.05,semiten_r,Semitendinosus,0.014088392000880738,70.05397792054622,0.674313616312159,0.02011076661036937,0.10807114686479613,0.004666469854548318
erna,ng_v0,3.05,bifemlh_r,Biceps femoris LH,0.012578143864937403,56.35866230548585,0.7521104459097832,0.022318031249143166,0.10237286712719651,0.0044062498915296705
erna,ng_v0,3.05,bifemsh_r,Biceps femoris SH,0.0006962762955541281,13.854851049410675,0.9732067933969484,0.005025505457048884,0.006608474013458765,-0.0004794115507245759
erna,ng_v1,3.57,glut_med1_r,Glut. medius,0.02436072472621286,364.0089936808326,0.15460435253030205,0.006692341439116373,0.11783024042310085,0.008143653804595669
erna,ng_v1,3.57,rect_fem_r,Rect. femoris,0.04082486674641596,53.39959836936251,0.6704564667681244,0.07645163632885826,0.13247634982803702,-0.019821049470991677
erna,ng_v1,3.57,vas_lat_r,Vast. lateralis,0.014818128208574373,23.397416494626185,0.8301268497341828,0.06333232650697881,0.06406041791726585,-0.005634033897778942
erna,ng_v1,3.57,tib_ant_r,Tib. anterior,0.00540642597722927,21.96357939342814,0.8493829153759797,0.024615413910389128,0.02998336540306401,0.004349316367956902
erna,ng_v1,3.57,soleus_r,Soleus,0.003660677378779463,16.63057461845877,0.9538623699708574,0.022011731180451022,0.022765717815072528,-0.003312330253554878
erna,ng_v1,3.57,med_gas_r,Med. gastrocnemius,0.004534299634915737,19.2952897464509,0.8882359381034212,0.023499515656403958,0.027214206806271957,-0.0038450264001856464
erna,ng_v1,3.57,semimem_r,Semimembranosus,0.030712538637014467,111.8387354344952,0.8048308395187335,0.027461450201216764,0.09182641649487255,0.01642662273476279
erna,ng_v1,3.57,semiten_r,Semitendinosus,0.040460789685875805,118.41019028118419,0.7838568573800081,0.034170023365214686,0.11850026555068072,0.02103558795086832
erna,ng_v1,3.57,bifemlh_r,Biceps femoris LH,0.035677633950497466,93.97450175759506,0.7557094187235658,0.037965228102541104,0.10453137847002664,0.02009286782272034
erna,ng_v1,3.57,bifemsh_r,Biceps femoris SH,0.001835375687062132,23.82879181351356,0.7578057360045917,0.007702344715695031,0.008049700597033138,0.00041987513919537495
erna,ng_v2,4.06,glut_med1_r,Glut. medius,0.021447481944865184,266.6275480573648,0.40335261574579334,0.00804398574008218,0.07405898232936214,-0.011316517391550943
erna,ng_v2,4.06,rect_fem_r,Rect. femoris,0.030630636174483413,38.76905539331435,0.7060633968051871,0.0790079507063915,0.16321473646529477,-0.009845433746911896
erna,ng_v2,4.06,vas_lat_r,Vast. lateralis,0.014337299987462342,23.542285174789786,0.8520147013130367,0.060900205230779436,0.10404122980086061,0.00021917012637181438
erna,ng_v2,4.06,tib_ant_r,Tib. anterior,0.0068392497392977284,25.084960896634374,0.7422818881872203,0.02726434283664897,0.04333999189692178,0.0038994810033578186
erna,ng_v2,4.06,soleus_r,Soleus,0.0075574818832212795,34.443706261069316,0.7233465827476254,0.02194154666730297,0.048544934512727844,-0.004226707194745142
erna,ng_v2,4.06,med_gas_r,Med. gastrocnemius,0.01042283478241466,38.79895376433333,0.6748771194741506,0.026863700618638964,0.07275528904414807,-0.004457804962195022
erna,ng_v2,4.06,semimem_r,Semimembranosus,0.01994250420458117,63.47314731579434,0.3249520340742504,0.031418804719675175,0.08870974027772838,0.009421175889715371
erna,ng_v2,4.06,semiten_r,Semitendinosus,0.023726006467989957,60.92553167611868,0.4010408521270247,0.038942633433414864,0.10443953599409395,0.011097239138577032
erna,ng_v2,4.06,bifemlh_r,Biceps femoris LH,0.026687933327828175,62.700502617002506,0.4917677806163061,0.04256414576267081,0.1050935412253412,0.014577509712056347
erna,ng_v2,4.06,bifemsh_r,Biceps femoris SH,0.007103985968897544,110.04333193491031,0.15073929694760752,0.006455626019302552,0.03609870165602136,-0.0017333024382038533
etsuko,ng_v0,3.04,glut_med1_r,Glut. medius,0.003598871472851634,148.83018025726608,0.7156855256935146,0.002418105969253459,0.004308451522630347,-0.0035518236825880702
etsuko,ng_v0,3.04,rect_fem_r,Rect. femoris,0.005305927521695642,95.87459382385141,0.9067151362662181,0.005534237288602362,0.00787096166536344,0.005176830720274154
etsuko,ng_v0,3.04,vas_lat_r,Vast. lateralis,0.0012009219718021066,49.041756247682024,0.9596364622669836,0.002448774398977338,0.003055969837918171,0.0010632204135635026
etsuko,ng_v0,3.04,tib_ant_r,Tib. anterior,0.005096654778657685,95.69876038767076,-0.3519511582635942,0.005325727060634222,0.003636968157287368,-0.004618324696415817
etsuko,ng_v0,3.04,soleus_r,Soleus,0.0017189712228986445,35.599505459822495,0.598408098520798,0.004828637928239399,0.003925141711354274,0.0013981585194470974
etsuko,ng_v0,3.04,med_gas_r,Med. gastrocnemius,0.0019794561867741535,30.170618112407016,0.508222253337452,0.006560873825651403,0.006183882121950313,0.0011081642235417038
etsuko,ng_v0,3.04,semimem_r,Semimembranosus,0.005171246051066203,85.49557406322398,0.8064407141894285,0.0060485541008731825,0.006759535104229886,-0.005001496399935047
etsuko,ng_v0,3.04,semiten_r,Semitendinosus,0.005490311505521051,88.60905372117026,0.8295265506425398,0.0061961066899525186,0.007792030649437676,-0.0052972461421641045
etsuko,ng_v0,3.04,bifemlh_r,Biceps femoris LH,0.004904108962773277,85.52996050768151,0.8757833870907228,0.005733790748486123,0.007436402056175406,-0.004755234506656631
etsuko,ng_v0,3.04,bifemsh_r,Biceps femoris SH,0.000695096360276227,49.87925437141982,0.9658042638690747,0.0013935580413858561,0.0018534636940893412,-0.0006250902938003101
etsuko,ng_v1,3.56,glut_med1_r,Glut. medius,0.0055166240573245855,35.794168462953394,0.9465825302856762,0.015412074911124798,0.02421661157356661,-0.004705250418920947
etsuko,ng_v1,3.56,rect_fem_r,Rect. femoris,0.004163175853821492,6.079362903732693,0.9927851803675624,0.06848046283378356,0.0770658315689865,0.0009620815140949698
etsuko,ng_v1,3.56,vas_lat_r,Vast. lateralis,0.002718877870354387,4.925930323466223,0.9918613422044107,0.05519521576263786,0.05611071746152016,-0.0007986232168386914
etsuko,ng_v1,3.56,tib_ant_r,Tib. anterior,0.0032631290008223565,18.292238170507343,0.7471546572732595,0.017838872260495242,0.016599061831798434,-0.0015831375992142707
etsuko,ng_v1,3.56,soleus_r,Soleus,0.0020556476933012878,11.27702986366996,0.9209554729633039,0.01822862684724952,0.02080393359995303,0.00013607036071224413
etsuko,ng_v1,3.56,med_gas_r,Med. gastrocnemius,0.0028170446322525484,16.013479306978937,0.8064799384626447,0.017591708698963593,0.018130439256432984,0.000749388506857757
etsuko,ng_v1,3.56,semimem_r,Semimembranosus,0.0029898692383885225,9.540683066028349,0.9894158921611403,0.03133810459582914,0.03779538948590716,-0.002076392753106751
etsuko,ng_v1,3.56,semiten_r,Semitendinosus,0.003052755601068994,7.742637005672466,0.9917188922095753,0.03942785382851427,0.04617684636638375,-0.001955446026992508
etsuko,ng_v1,3.56,bifemlh_r,Biceps femoris LH,0.0032136421722208496,8.269987253057836,0.9958902394609542,0.03885909462596332,0.047651339247007096,-0.0013066056583652108
etsuko,ng_v1,3.56,bifemsh_r,Biceps femoris SH,0.0005702210130672746,12.493225166228287,0.9363879873594467,0.004564241862931417,0.005247996540365396,-0.00015083835747133054
etsuko,ng_v2,4.09,glut_med1_r,Glut. medius,0.005785518121901373,37.50311912500949,0.9563561076510685,0.015426765178161453,0.024180566102307496,-0.004746203936694104
etsuko,ng_v2,4.09,rect_fem_r,Rect. femoris,0.00445026758630071,6.447174204329735,0.9887913840037617,0.06902663779911578,0.07841950550069832,-0.001091961929391746
etsuko,ng_v2,4.09,vas_lat_r,Vast. lateralis,0.0031602029419060596,5.6427746930537435,0.9912053587720981,0.05600441473937051,0.05611390419920739,-0.0015985499859286943
etsuko,ng_v2,4.09,tib_ant_r,Tib. anterior,0.0032073644479520182,12.712844288466988,0.9019752131614759,0.0252293222128247,0.0192268077837498,-0.0018848593941753415
etsuko,ng_v2,4.09,soleus_r,Soleus,0.0028159184073474025,11.265558660125286,0.9345198985094277,0.024995816828102924,0.023910469233902443,0.0016294972923317386
etsuko,ng_v2,4.09,med_gas_r,Med. gastrocnemius,0.0035489039357169344,14.54666523892463,0.8789474456365872,0.024396683895774374,0.02225534599082124,0.002033506514670197
etsuko,ng_v2,4.09,semimem_r,Semimembranosus,0.0027329300626975795,8.572705773649227,0.9900452381672329,0.031879433808378876,0.04057229759002967,-0.0007760632144012867
etsuko,ng_v2,4.09,semiten_r,Semitendinosus,0.0029072978142775704,7.225010185273188,0.9904560969093278,0.040239359388081486,0.04903192628738062,-0.0002520406069257128
etsuko,ng_v2,4.09,bifemlh_r,Biceps femoris LH,0.0032813673362982994,8.422214096271357,0.9928858708668711,0.03896086348304789,0.050108698698683396,0.0005134134759463626
etsuko,ng_v2,4.09,bifemsh_r,Biceps femoris SH,0.0006032656328495916,12.558108902044903,0.922023447660282,0.004803793609015117,0.005507904977628986,3.905109340651911e-06
gregers,ng_v0,3.05,glut_med1_r,Glut. medius,0.0023127269367850846,167.61171424029195,0.3974987523975438,0.0013798122328547435,0.003552709997753825,0.002048968236344352
gregers,ng_v0,3.05,rect_fem_r,Rect. femoris,0.0009242809183969045,23.714466844083017,0.5161118440328919,0.0038975403683912946,0.001982435767627466,0.000475549715995719
gregers,ng_v0,3.05,vas_lat_r,Vast. lateralis,0.0010330332633994904,24.73991127847214,0.9680585352861734,0.004175573840066282,0.0024939348354560686,-0.0009849400349738436
gregers,ng_v0,3.05,tib_ant_r,Tib. anterior,0.0021115096038132556,71.28985891639618,0.6321738565497835,0.0029618653142370333,0.0008865487965031282,-0.0020397913050696948
gregers,ng_v0,3.05,soleus_r,Soleus,0.0016266071506018988,53.59901109042619,0.8644810175325789,0.003034770824143884,0.0020568587303562424,0.0015442393778310468
gregers,ng_v0,3.05,med_gas_r,Med. gastrocnemius,0.0023898031127020385,48.93712413393874,0.9611759530973737,0.004883415515307465,0.003236177879735791,0.0023138105299439437
gregers,ng_v0,3.05,semimem_r,Semimembranosus,0.0014218022013508865,37.628931537008306,0.4126209731248496,0.0037784814590138827,0.0015117902958795004,-0.0012102259197436013
gregers,ng_v0,3.05,semiten_r,Semitendinosus,0.001869581292660495,43.53684715551222,0.4688852349931212,0.004294250536752031,0.0017823109913076562,-0.001678533233296405
gregers,ng_v0,3.05,bifemlh_r,Biceps femoris LH,0.0019347949855160456,46.9490319504334,0.5710590732003517,0.004121054056149043,0.001600256185242066,-0.0017830600028795548
gregers,ng_v0,3.05,bifemsh_r,Biceps femoris SH,0.000448782789176892,24.92001697268812,0.96924231772188,0.001800892790999098,0.0010587803158488285,0.0004262376610862576
gregers,ng_v1,3.59,glut_med1_r,Glut. medius,0.012650893804220424,98.72237766159515,0.03841576500958466,0.012814616203416118,0.06790616614623148,0.005536005296884891
gregers,ng_v1,3.59,rect_fem_r,Rect. femoris,0.011807452424606775,20.299630790395348,0.8605502929230494,0.05816584816997461,0.07478758060819218,0.007035774373046065
gregers,ng_v1,3.59,vas_lat_r,Vast. lateralis,0.0029424789955783447,8.66878004396645,0.9883340158484938,0.03394340357760417,0.03509093402579036,0.0021094609414041366
gregers,ng_v1,3.59,tib_ant_r,Tib. anterior,0.0032337738693177342,25.78833717059497,0.6876316102205665,0.012539675776401082,0.0208305327806792,0.002005654772004438
gregers,ng_v1,3.59,soleus_r,Soleus,0.002409472288881244,13.103439141921896,0.9201012264422119,0.018388090811767177,0.027129216731982764,-0.0015499112677141793
gregers,ng_v1,3.59,med_gas_r,Med. gastrocnemius,0.0036706514592830283,21.961030802165755,0.7931608361517486,0.016714386006512205,0.023234805582067475,-0.002047121636050594
gregers,ng_v1,3.59,semimem_r,Semimembranosus,0.011465172060991945,32.46305343430749,0.5105745620548583,0.035317602160231054,0.06502297827901321,-0.0045409527318969
gregers,ng_v1,3.59,semiten_r,Semitendinosus,0.01388646341794078,33.11077934847687,0.5046944232000832,0.041939403696275634,0.07621976922286988,-0.006134234483177908
gregers,ng_v1,3.59,bifemlh_r,Biceps femoris LH,0.013062424206672876,31.145021218723763,0.5674257968227944,0.04194064956622989,0.06918038926110281,-0.00662835586047426
gregers,ng_v1,3.59,bifemsh_r,Biceps femoris SH,0.0010054034257008571,22.355447722725597,0.6846393356765796,0.00449735312023658,0.002832831516622447,0.00041751379980212687
gregers,ng_v2,4.09,glut_med1_r,Glut. medius,0.04886347473041783,544.6242689117457,-0.2800835391581144,0.008971960582670246,0.011280087921247295,0.048568333767951125
gregers,ng_v2,4.09,rect_fem_r,Rect. femoris,0.0917248473662801,393.5313599399261,0.2864019243135701,0.023308141790855552,0.03717707881898974,-0.09084762158957846
gregers,ng_v2,4.09,vas_lat_r,Vast. lateralis,0.022823643181198526,122.9564167205901,0.21840106997303593,0.018562384778228913,0.024357218398511737,-0.021214712634819638
gregers,ng_v2,4.09,tib_ant_r,Tib. anterior,0.0025930768816382647,22.313656139858562,0.3769759988351425,0.011621030930051346,0.006445842961250059,-0.0006724519789372813
gregers,ng_v2,4.09,soleus_r,Soleus,0.0026823312956016495,27.5009748223206,0.46568065850711315,0.00975358623805797,0.008928854392390995,0.000733435703021647
gregers,ng_v2,4.09,med_gas_r,Med. gastrocnemius,0.005986638152242232,50.50699061404217,0.256008384917955,0.011853088215035723,0.011101522788831863,0.0048562399034000996
gregers,ng_v2,4.09,semimem_r,Semimembranosus,0.07087909689115864,761.4147730687773,0.2897032328692607,0.009308868096358336,0.00852978967865381,0.07080757016612217
gregers,ng_v2,4.09,semiten_r,Semitendinosus,0.09202900130578363,792.5477411259003,0.32857030421599664,0.011611792770369445,0.017369899446822545,0.09184373095693217
gregers,ng_v2,4.09,bifemlh_r,Biceps femoris LH,0.0810779937550998,627.9260217231713,0.32595623882394636,0.012912029594283003,0.014725936664235606,0.0809071991795824
gregers,ng_v2,4.09,bifemsh_r,Biceps femoris SH,0.001401685223080761,44.57605269666242,0.5197455774546812,0.0031444803617295403,0.0015048613455497795,0.001238354490170175
hamit,ng_v0,4.07,glut_med1_r,Glut. medius,0.013476831712544064,391.2412360368244,-0.23835432624724037,0.003444634785704337,0.04995990514834152,0.0054689430301842566
hamit,ng_v0,4.07,rect_fem_r,Rect. femoris,0.016281598344405533,30.939240033171583,0.8511664108089544,0.05262442880610246,0.10688469987869886,-0.006763845597456316
hamit,ng_v0,4.07,vas_lat_r,Vast. lateralis,0.004767057012423332,10.95868128567701,0.9690114216690531,0.0435002797157161,0.05570569532641284,-0.002403698751256364
hamit,ng_v0,4.07,tib_ant_r,Tib. anterior,0.005133709793832334,32.44994944087538,0.569474905013562,0.015820393813512967,0.012723472586474827,-0.0037666106959913606
hamit,ng_v0,4.07,soleus_r,Soleus,0.0027358567841032186,23.995293422445897,0.7296729153685799,0.01140163921289672,0.008007103762856127,0.001899245113267059
hamit,ng_v0,4.07,med_gas_r,Med. gastrocnemius,0.003668731931864739,23.503344231120778,0.7578265112005365,0.0156094039034963,0.014695084415943693,0.0025566064950559727
hamit,ng_v0,4.07,semimem_r,Semimembranosus,0.012570527804828641,67.0280223850123,0.6615608733614974,0.018754137982205266,0.06291710206406137,0.005072945148262073
hamit,ng_v0,4.07,semiten_r,Semitendinosus,0.016733181454075624,67.0310611766317,0.6797509145301792,0.024963324704024126,0.08365426755025707,0.006335234379238755
hamit,ng_v0,4.07,bifemlh_r,Biceps femoris LH,0.014004175759221348,54.613048942330366,0.7264599220959242,0.025642545198326705,0.07539792622688707,0.0055651286837667315
hamit,ng_v0,4.07,bifemsh_r,Biceps femoris SH,0.0009566471452060025,21.013616832556966,0.7520464471487551,0.0045525106545382665,0.004563378862340539,-0.00014994444983620984
hamit,ng_v1,4.59,glut_med1_r,Glut. medius,0.0019737271792671057,12.800306244397003,0.9339423631053744,0.015419374674188385,0.01906969391998578,0.0006003671563241437
hamit,ng_v1,4.59,rect_fem_r,Rect. femoris,0.004460047235697236,7.284088782692757,0.9755751523861458,0.061229995525239334,0.06989946577629486,0.00031434117235801967
hamit,ng_v1,4.59,vas_lat_r,Vast. lateralis,0.004131590813847383,8.098854150436143,0.9723694393202642,0.05101451065920093,0.055132933305425375,0.0010686446693522532
hamit,ng_v1,4.59,tib_ant_r,Tib. anterior,0.0035084186592626316,13.029749902294546,0.8618567292777704,0.026926216432172634,0.01981961707970753,0.0018860710020702275
hamit,ng_v1,4.59,soleus_r,Soleus,0.0020325619088579646,7.64643721690263,0.9150662884286115,0.02658181648787933,0.021498367998794066,9.060108734859463e-05
hamit,ng_v1,4.59,med_gas_r,Med. gastrocnemius,0.0024491220215729008,10.929829324532708,0.8587369154189897,0.022407687703555335,0.016037429534909664,0.0002278214265636594
hamit,ng_v1,4.59,semimem_r,Semimembranosus,0.0019355590675290742,5.672209697166742,0.990032210902326,0.034123545687950896,0.03814173560622286,0.0010268194538026495
hamit,ng_v1,4.59,semiten_r,Semitendinosus,0.0023967701192422657,5.703625430370204,0.9884174998663754,0.042021870974909004,0.04801238001656838,0.0009482665903970317
hamit,ng_v1,4.59,bifemlh_r,Biceps femoris LH,0.0025001164975303847,6.102571986050983,0.9832732331025918,0.04096824262368476,0.04550057125635665,0.0009001884295543478
hamit,ng_v1,4.59,bifemsh_r,Biceps femoris SH,0.0006885226149847767,20.459916536949425,0.8042254543817445,0.003365226899832874,0.004608041196571044,-0.0001779814748809561
hamit,ng_v2,5.13,glut_med1_r,Glut. medius,0.002252897973856072,13.600736331960938,0.9398326197633079,0.016564529440673686,0.01972010903020506,-0.000641661285585307
hamit,ng_v2,5.13,rect_fem_r,Rect. femoris,0.003995635332815434,6.274565749177334,0.9899437074128632,0.0636798703295014,0.07527486734254363,0.0009013848963365832
hamit,ng_v2,5.13,vas_lat_r,Vast. lateralis,0.003296052180421161,6.551295556692447,0.9865482180334174,0.05031145598452039,0.054105750144363085,0.00045601081322756707
hamit,ng_v2,5.13,tib_ant_r,Tib. anterior,0.004626728101913866,14.610116596226854,0.8643092809928823,0.03166797521046988,0.019707235515972366,0.0017912120393333624
hamit,ng_v2,5.13,soleus_r,Soleus,0.0027315673584533103,8.729252946405138,0.9222038620825895,0.031292109132640245,0.021706513939830474,9.804989772059802e-05
hamit,ng_v2,5.13,med_gas_r,Med. gastrocnemius,0.002990350802755408,10.263716197907051,0.8797729472578428,0.02913516649422937,0.01845609993521702,-0.00011083321800528429
hamit,ng_v2,5.13,semimem_r,Semimembranosus,0.002085612151598633,5.640623805470738,0.9881363598476088,0.036974849299040935,0.04243614352289765,-0.000647712846135351
hamit,ng_v2,5.13,semiten_r,Semitendinosus,0.0027620588985688118,6.112932710548056,0.9863200325260307,0.045183859030589246,0.05208403750968543,-0.0005518000929297085
hamit,ng_v2,5.13,bifemlh_r,Biceps femoris LH,0.002305661313456376,5.218205219653187,0.9896772729950353,0.044184948970052484,0.049688146859720506,-0.000684573576801123
hamit,ng_v2,5.13,bifemsh_r,Biceps femoris SH,0.0005105290352953943,14.250258011741465,0.8940905379866334,0.003582595030032054,0.0036642133679372635,-0.00013977821752910328
julia,ng_v0,3.05,glut_med1_r,Glut. medius,0.000716712782375694,62.63345628838475,0.6443193798517362,0.0011442970336423969,0.0023990872126754548,0.0003869226769762896
julia,ng_v0,3.05,rect_fem_r,Rect. femoris,0.0023098372742116863,96.44089796070638,0.8358258562202833,0.002395080638043001,0.001990446628957032,0.002272664363499519
julia,ng_v0,3.05,vas_lat_r,Vast. lateralis,0.0007252231371498694,91.72547574130854,0.550149730752308,0.0007906452719800561,0.0009104780329504125,0.0006838583309554828
julia,ng_v0,3.05,tib_ant_r,Tib. anterior,0.0015153280803366176,113.4686740222925,0.3855475830716775,0.001335459406213657,0.000985061638482998,0.0014734319710680535
julia,ng_v0,3.05,soleus_r,Soleus,0.001030625294518913,61.03948597244631,0.9050246926143232,0.0016884567065065803,0.0015779125845818975,-0.0010066599326223045
julia,ng_v0,3.05,med_gas_r,Med. gastrocnemius,0.0015489662354047692,86.59570056678754,0.8561637770158503,0.001788733418941646,0.0020140088162475256,-0.001518325842835271
julia,ng_v0,3.05,semimem_r,Semimembranosus,0.0021039216512099826,85.86029656689553,0.8529797677661125,0.0024504010996174164,0.0024860020091112545,-0.00206724148177882
julia,ng_v0,3.05,semiten_r,Semitendinosus,0.002666953446444852,90.35123864208255,0.8653931818429869,0.002951761908887296,0.0024713839844989205,-0.0026244397872516325
julia,ng_v0,3.05,bifemlh_r,Biceps femoris LH,0.002470279171739013,79.55994346691242,0.8886532756749105,0.003104928264267004,0.0030965201921579477,-0.002428945690625899
julia,ng_v0,3.05,bifemsh_r,Biceps femoris SH,0.0003862175906385147,88.73687193817827,0.5496778353152818,0.00043523913138113213,0.000473118180781662,-0.0003644458145326158
julia,ng_v1,3.56,glut_med1_r,Glut. medius,0.004115670604391753,31.864775253289757,0.9524422925674475,0.012916050942386126,0.023232852903524503,0.0028786017949224856
julia,ng_v1,3.56,rect_fem_r,Rect. femoris,0.009164223390386922,13.307405274065118,0.9796505596866515,0.06886559176376128,0.07915426860551195,-0.007521229899418532
julia,ng_v1,3.56,vas_lat_r,Vast. lateralis,0.003527641643667218,6.707015716532935,0.9858146290559355,0.05259629308712527,0.05298329988126246,-0.0016244282593141056
julia,ng_v1,3.56,tib_ant_r,Tib. anterior,0.011256218135857643,51.22110557694932,0.934950036382635,0.02197574224349269,0.013577005253972374,0.010994292729595621
julia,ng_v1,3.56,soleus_r,Soleus,0.00715562974985876,30.300462759515877,0.9282690983527907,0.02361557909742329,0.018089595796651647,-0.006906406105050614
julia,ng_v1,3.56,med_gas_r,Med. gastrocnemius,0.008384304354061818,31.96418909862561,0.8531333677196113,0.026230305196205728,0.020091258778620003,-0.007818272346707018
julia,ng_v1,3.56,semimem_r,Semimembranosus,0.007547923217997653,20.33208719302589,0.9870856131172158,0.037123208976728495,0.04663902494662098,0.006882238310861847
julia,ng_v1,3.56,semiten_r,Semitendinosus,0.009251277800964349,19.753741417178755,0.9898236184270615,0.04683304091911933,0.05978431092799358,0.008256560999270676
julia,ng_v1,3.56,bifemlh_r,Biceps femoris LH,0.009091704731493528,19.243236957480274,0.9889611592709298,0.047246233840920304,0.05959257535874718,0.00827249088434972
julia,ng_v1,3.56,bifemsh_r,Biceps femoris SH,0.0007523305017632305,14.473629501654777,0.8653162465143048,0.005197939477981084,0.005211062291776203,0.0001073640167902623
julia,ng_v2,4.04,glut_med1_r,Glut. medius,0.006570271580038533,59.57523190298558,0.8462103464689712,0.01102852875291832,0.04810551656270383,0.004520340302336762
julia,ng_v2,4.04,rect_fem_r,Rect. femoris,0.008968758351036835,13.4410518691124,0.980488312841667,0.06672661067283792,0.0773773056578495,-0.0068660074874304505
julia,ng_v2,4.04,vas_lat_r,Vast. lateralis,0.002715054695488018,4.960830762862354,0.9926504673864515,0.05472983911915302,0.05550075085329881,-0.0010816226781469368
julia,ng_v2,4.04,tib_ant_r,Tib. anterior,0.012398834732109591,53.968829805618256,0.9424227177950265,0.022974066283754868,0.019296162034223352,0.0121827694866026
julia,ng_v2,4.04,soleus_r,Soleus,0.008023477113375312,34.973507076375896,0.9590590513578898,0.022941585743326998,0.018107873905757188,-0.00788320230144885
julia,ng_v2,4.04,med_gas_r,Med. gastrocnemius,0.008791634422312834,35.071103698978575,0.9060765474432819,0.02506802893280169,0.020054681907765548,-0.008454407432010634
julia,ng_v2,4.04,semimem_r,Semimembranosus,0.008676256150002799,24.839958861673114,0.947627823565595,0.03492862527799856,0.048141761787478865,0.006980779329932528
julia,ng_v2,4.04,semiten_r,Semitendinosus,0.010457970629498225,23.930402427305896,0.9578637195732305,0.0437016078658381,0.05713413125414901,0.008102899350996
julia,ng_v2,4.04,bifemlh_r,Biceps femoris LH,0.009498665770184872,21.608216552464523,0.9687256820225498,0.043958582824835224,0.056698066356858146,0.007820187295754316
julia,ng_v2,4.04,bifemsh_r,Biceps femoris SH,0.0008014888632974334,12.11983739723856,0.926858558293537,0.006613033137557178,0.006544020449238186,7.415318753899816e-05
jung-hee,ng_v0,3.58,glut_med1_r,Glut. medius,0.0023106914011763622,50.31655776619955,0.7364279300868599,0.004592308185931954,0.00704918788572427,-0.0021295488051599706
jung-hee,ng_v0,3.58,rect_fem_r,Rect. femoris,0.006592988406941777,72.82472905184831,0.9418433443927611,0.009053227513208917,0.013942088553867804,0.006302090810416008
jung-hee,ng_v0,3.58,vas_lat_r,Vast. lateralis,0.0017672070433629682,20.563015025936885,0.9668651404767701,0.008594104712436018,0.011910663282876821,0.0008984718445731814
jung-hee,ng_v0,3.58,tib_ant_r,Tib. anterior,0.0062523961777480345,71.22510670036598,0.9376351440746269,0.008778359861292995,0.0080771092246677,-0.006180904302898901
jung-hee,ng_v0,3.58,soleus_r,Soleus,0.0010066680960562244,12.63808597464158,0.9802633773570738,0.00796535249147784,0.006669693926902975,0.0008906145561813004
jung-hee,ng_v0,3.58,med_gas_r,Med. gastrocnemius,0.0012780136855966824,14.590954683920101,0.9746661597451542,0.00875894493048568,0.007386988305894682,0.0011111010076621756
jung-hee,ng_v0,3.58,semimem_r,Semimembranosus,0.006246164633371776,97.7780191456732,0.7790664118232451,0.006388107151225897,0.008613711900265164,-0.0061367681721322676
jung-hee,ng_v0,3.58,semiten_r,Semitendinosus,0.007398455849563703,98.21344882546292,0.7684604810295617,0.0075330374180339055,0.009560816318978538,-0.00727445135853802
jung-hee,ng_v0,3.58,bifemlh_r,Biceps femoris LH,0.0064842272503185736,98.14268834422069,0.7860218418301023,0.006606938692749198,0.009772752954472275,-0.006343581898330329
jung-hee,ng_v0,3.58,bifemsh_r,Biceps femoris SH,0.0003060601295721551,21.704139421655785,0.9687860833926484,0.0014101463487042332,0.001972531678129441,-0.00016833978078715416
jung-hee,ng_v1,4.08,glut_med1_r,Glut. medius,0.00667814395073794,45.1944091368556,0.7082517151132126,0.014776482485954173,0.015001428105563153,-0.005920296165718758
jung-hee,ng_v1,4.08,rect_fem_r,Rect. femoris,0.005416422701232839,8.086347344919114,0.984450221593405,0.06698231562654966,0.07825589773414421,0.0021703840715228823
jung-hee,ng_v1,4.08,vas_lat_r,Vast. lateralis,0.003974729689433789,6.436669533226201,0.9785717382287159,0.06175134002011701,0.06379613870149373,-0.0003539722912962107
jung-hee,ng_v1,4.08,tib_ant_r,Tib. anterior,0.004300365003849714,18.149324918810606,0.9008212960554595,0.02369435239650519,0.022925754152868738,-0.0032802582448303364
jung-hee,ng_v1,4.08,soleus_r,Soleus,0.001662040101586011,6.533081372862775,0.9886769238897739,0.025440370427495695,0.02226054478461925,-0.0013121484947108523
jung-hee,ng_v1,4.08,med_gas_r,Med. gastrocnemius,0.001895286716829422,9.6337386215832,0.9520865463040175,0.019673428886510025,0.01629354854107956,-0.000900995626447636
jung-hee,ng_v1,4.08,semimem_r,Semimembranosus,0.0037960059819312523,9.774704912939267,0.993242168353118,0.038834993135253515,0.044898825039090096,-0.0029794891955346034
jung-hee,ng_v1,4.08,semiten_r,Semitendinosus,0.004437948040309851,9.140731422768377,0.9927469617390714,0.04855134490939639,0.05517959443194331,-0.0033688104096736755
jung-hee,ng_v1,4.08,bifemlh_r,Biceps femoris LH,0.003572994320398004,7.546703834322112,0.9913710107963073,0.04734509792405217,0.053454328616631686,-0.0016663213615983742
jung-hee,ng_v1,4.08,bifemsh_r,Biceps femoris SH,0.0004926101547406881,10.177875657777607,0.9303948186994285,0.004840009559010983,0.0054854879633799425,-3.858735861902089e-05
jung-hee,ng_v2,4.6,glut_med1_r,Glut. medius,0.007692464017836265,43.07874552754839,0.5550937575723759,0.017856750292129603,0.05647495779940748,-0.004931950948915366
jung-hee,ng_v2,4.6,rect_fem_r,Rect. femoris,0.00970734765144754,14.516345040771656,0.9161538274720673,0.06687184428437587,0.1035488912389565,1.1432873282849663e-05
jung-hee,ng_v2,4.6,vas_lat_r,Vast. lateralis,0.004063584790294938,6.405316004230564,0.9792999917958152,0.06344081677798619,0.06417579448131816,0.00012075717491569793
jung-hee,ng_v2,4.6,tib_ant_r,Tib. anterior,0.004219763402068965,17.485261265779126,0.8207542334162352,0.02413325907990621,0.023893410396264303,-0.0023979001057963054
jung-hee,ng_v2,4.6,soleus_r,Soleus,0.003295850426763487,12.688102270788779,0.9781163957361174,0.025975913154100028,0.023613938574678195,-0.003073179018217531
jung-hee,ng_v2,4.6,med_gas_r,Med. gastrocnemius,0.0031281318329538094,15.832094072228086,0.9336191717115557,0.019758168557380107,0.01702014778967842,-0.002634175278663867
jung-hee,ng_v2,4.6,semimem_r,Semimembranosus,0.007947061993693846,20.84280119253642,0.8891941574474431,0.03812856976508322,0.10004716961654192,-4.0965637431020576e-05
jung-hee,ng_v2,4.6,semiten_r,Semitendinosus,0.01056171295514556,22.023553902911853,0.8713146132490613,0.04795644246022046,0.12935758783276474,7.069930720356042e-05
jung-hee,ng_v2,4.6,bifemlh_r,Biceps femoris LH,0.008699688964299936,18.72960330425281,0.8997391674470917,0.04644886932722464,0.11023397667763413,0.0014926267360927947
jung-hee,ng_v2,4.6,bifemsh_r,Biceps femoris SH,0.00047387723007087483,8.85356168562557,0.9504550645541991,0.00535239090094386,0.005952509199235623,-4.9679508150135776e-05
katee,ng_v0,3.05,glut_med1_r,Glut. medius,0.001413133224267646,206.0369186721895,0.8791739652309122,0.0006858640836674423,0.002022473635764299,-0.0013393847044238763
katee,ng_v0,3.05,rect_fem_r,Rect. femoris,0.005819802546972701,435.4824708366593,0.1585899972121413,0.0013364034000706293,0.0024652211531933643,0.005764582189345327
katee,ng_v0,3.05,vas_lat_r,Vast. lateralis,0.0014358095212088596,166.47304528661815,0.6048507548820419,0.0008624876890651056,0.0011979658141184901,0.0013978610650589543
katee,ng_v0,3.05,tib_ant_r,Tib. anterior,0.003092057717277816,686.0645812011785,0.18354861516465673,0.0004506948473952943,0.0008292883516903826,-0.003085020762133404
katee,ng_v0,3.05,soleus_r,Soleus,0.00030069830131750113,31.911354652647194,0.8795049958878943,0.0009422924993018333,0.0010399601740072595,0.0002721347052665836
katee,ng_v0,3.05,med_gas_r,Med. gastrocnemius,0.00029770742663187867,28.085462652329767,0.8806381584141799,0.0010600054210151422,0.0014182652601671952,-0.0002195260078468372
katee,ng_v0,3.05,semimem_r,Semimembranosus,0.005393855225261921,564.9751931449622,-0.016594471575666497,0.000954706558926377,0.0020128731877213646,-0.005353095441274327
katee,ng_v0,3.05,semiten_r,Semitendinosus,0.005838031706615362,517.3237333870314,-0.01615855696704935,0.0011285064515390575,0.0019362365792249259,-0.005800286379407208
katee,ng_v0,3.05,bifemlh_r,Biceps femoris LH,0.0064508285532769,740.1616865927836,-0.21110331966562107,0.0008715431601130641,0.002080703278599494,-0.006413633374880193
katee,ng_v0,3.05,bifemsh_r,Biceps femoris SH,0.000716355873048141,165.06694787694147,0.6050599064992921,0.000433978989895778,0.0005957086713180848,-0.0006975533819974258
katee,ng_v1,3.57,glut_med1_r,Glut. medius,0.006400416353619631,42.53549484989279,0.8597018600954099,0.015047236140561235,0.02864008073881305,-0.0012119532921876285
katee,ng_v1,3.57,rect_fem_r,Rect. femoris,0.004277608458704951,6.052693201426536,0.9942075043459044,0.07067281152953164,0.08055919736983841,-0.0011989653048658693
katee,ng_v1,3.57,vas_lat_r,Vast. lateralis,0.002848960791002728,4.854450764521998,0.9931908072381758,0.05868760296888614,0.06179532824154224,-0.0011529904969429436
katee,ng_v1,3.57,tib_ant_r,Tib. anterior,0.0052273858444417415,20.796651517418884,0.6135231624126577,0.025135709179256005,0.010986519306798004,-0.0010554658592283404
katee,ng_v1,3.57,soleus_r,Soleus,0.00285079344813902,14.703887152578679,0.9137928181023783,0.019388025891092786,0.014054309041046098,-0.002005848736528488
katee,ng_v1,3.57,med_gas_r,Med. gastrocnemius,0.003215556250379591,11.95060649483004,0.8894898117082372,0.0269070548994369,0.01785301495807201,-0.0017196621619153757
katee,ng_v1,3.57,semimem_r,Semimembranosus,0.002435645473576351,8.835659040085178,0.9795725857468855,0.02756608717613973,0.03280914990424605,9.721939608781754e-05
katee,ng_v1,3.57,semiten_r,Semitendinosus,0.003345918121300665,10.332172850349712,0.9706542341216963,0.032383489608261984,0.03881580535189344,0.000541780026751769
katee,ng_v1,3.57,bifemlh_r,Biceps femoris LH,0.0032015487906438237,9.028124960376378,0.9858425481601196,0.035461945915626236,0.04435859918652679,0.00041686208263224615
katee,ng_v1,3.57,bifemsh_r,Biceps femoris SH,0.0006296157253959148,10.396989904565158,0.9532612601939772,0.00605575008897008,0.0065852481968359244,-7.581098842241172e-05
katee,ng_v2,4.05,glut_med1_r,Glut. medius,0.005779335922111652,44.79097968312403,0.870973409969262,0.012902901349775883,0.028970579554935982,-0.0006256309660892812
katee,ng_v2,4.05,rect_fem_r,Rect. femoris,0.00369536903955294,5.428498653846512,0.9943735615307516,0.06807350015523139,0.07601335251506008,-0.000945462704928723
katee,ng_v2,4.05,vas_lat_r,Vast. lateralis,0.003293087765552785,5.451632211645436,0.9922375702778057,0.060405537969313056,0.060899776303887626,-0.0020611551337533797
katee,ng_v2,4.05,tib_ant_r,Tib. anterior,0.004096198459395515,17.571706374779524,0.7601791576239786,0.023311329998518204,0.012973547412323483,-0.001256535247310671
katee,ng_v2,4.05,soleus_r,Soleus,0.003076986364754832,16.13537764384809,0.9578064380439706,0.019069813131569247,0.01569650097386255,-0.002661128210611658
katee,ng_v2,4.05,med_gas_r,Med. gastrocnemius,0.004402385172774928,20.125877697046118,0.8450092437599379,0.02187425184155356,0.01884236150337759,-0.0031366922046860246
katee,ng_v2,4.05,semimem_r,Semimembranosus,0.002912855134002231,10.7129748172494,0.9677306882296663,0.027189974621354696,0.03207557891882512,-0.0015535703644196158
katee,ng_v2,4.05,semiten_r,Semitendinosus,0.0034645729727063902,10.703350043840917,0.9626762934306108,0.03236905229218423,0.0364167738785699,-0.0013891847697205654
katee,ng_v2,4.05,bifemlh_r,Biceps femoris LH,0.002612538633400557,7.471881105831334,0.986602920452475,0.03496493849937782,0.03939531909886285,-0.0007772405231136929
katee,ng_v2,4.05,bifemsh_r,Biceps femoris SH,0.0005797370807402734,7.734644447398783,0.9574500523635884,0.007495329419250074,0.006416411645720377,0.00018406945967106207
latifah,ng_v0,3.58,glut_med1_r,Glut. medius,0.008228293662350563,77.42795402121521,0.9265662576739686,0.010627032273248516,0.035139027641717765,0.0008677352440839715
latifah,ng_v0,3.58,rect_fem_r,Rect. femoris,0.0038003964326956434,4.5866670199671065,0.9944317243787307,0.0828574739816822,0.0880870016280158,-0.0018260254625249914
latifah,ng_v0,3.58,vas_lat_r,Vast. lateralis,0.002353692707360923,3.7827203878584506,0.9966364246771642,0.06222222279277276,0.06279452016194217,-0.0015087963274619358
latifah,ng_v0,3.58,tib_ant_r,Tib. anterior,0.007345141155700863,36.39818740010876,0.5572548137147696,0.02017996411458367,0.02309949798924199,-0.005227449160737715
latifah,ng_v0,3.58,soleus_r,Soleus,0.002616860571280176,11.8248390703629,0.9077237043969544,0.022130200298783986,0.023424258194505165,0.0009080375957804059
latifah,ng_v0,3.58,med_gas_r,Med. gastrocnemius,0.0031635202828457004,13.897604176168995,0.8744362099460744,0.022763062199385176,0.02326394352765848,0.0013110256437280996
latifah,ng_v0,3.58,semimem_r,Semimembranosus,0.003012047597806549,8.100939730711877,0.9601520629237453,0.037181459163156405,0.03777900213248747,0.00024590891904311156
latifah,ng_v0,3.58,semiten_r,Semitendinosus,0.004515620507019191,9.943375942595454,0.9459659176237231,0.045413353906042786,0.04684335536112921,0.00029643476810928846
latifah,ng_v0,3.58,bifemlh_r,Biceps femoris LH,0.003982124024660501,8.344778410447626,0.9652428329285957,0.04771994927600354,0.05060118578453654,0.00032371081967674635
latifah,ng_v0,3.58,bifemsh_r,Biceps femoris SH,0.00041608268746744123,7.148338979785455,0.9700250592362312,0.005820690493890501,0.006074054337561918,8.129473663410209e-05
latifah,ng_v1,4.08,glut_med1_r,Glut. medius,0.009176645344035422,74.84526010536392,0.9576663449421541,0.01226082363948891,0.03799277032185194,0.0011962209808295077
latifah,ng_v1,4.08,rect_fem_r,Rect. femoris,0.004566179754198234,5.5562360311194166,0.9968417368445149,0.08218116956558241,0.09238243928151052,3.816774926147834e-05
latifah,ng_v1,4.08,vas_lat_r,Vast. lateralis,0.0017007068335276837,2.699721445707747,0.9978919317785906,0.06299564113296266,0.0646314897008975,-0.00025600989915474694
latifah,ng_v1,4.08,tib_ant_r,Tib. anterior,0.005192028631260703,28.5958979826831,0.6084792295503425,0.01815655040595282,0.02068311307670323,-0.002481685811598528
latifah,ng_v1,4.08,soleus_r,Soleus,0.0040526908397890546,15.878116316742863,0.9416504727931864,0.02552375079602892,0.02228548222863813,-0.003519469648788649
latifah,ng_v1,4.08,med_gas_r,Med. gastrocnemius,0.0038194774974858537,15.647151770904927,0.9170416872517267,0.024410049531110034,0.021026493739582208,-0.003079527858267123
latifah,ng_v1,4.08,semimem_r,Semimembranosus,0.003836597922572811,10.01563760995405,0.9521053193027793,0.03830607767557209,0.04112313427930603,-0.00048529158705840563
latifah,ng_v1,4.08,semiten_r,Semitendinosus,0.006004738971273038,12.862446529898422,0.9421488262789459,0.04668426770377765,0.054091214634876816,-0.0006128039678963648
latifah,ng_v1,4.08,bifemlh_r,Biceps femoris LH,0.005639302300376598,11.646063798538146,0.9596211993066172,0.048422388868284094,0.05636615355862162,-0.000797360784246457
latifah,ng_v1,4.08,bifemsh_r,Biceps femoris SH,0.0004939587714343617,8.467007566942387,0.9820378022399938,0.005833923821716158,0.006665543325452328,-0.0002760643583148574
latifah,ng_v2,4.6,glut_med1_r,Glut. medius,0.008847236681499789,74.82840262931482,0.9303465757083017,0.01182336702458725,0.03713367891545549,-0.0014098927872822427
latifah,ng_v2,4.6,rect_fem_r,Rect. femoris,0.00465846787456813,5.3804085143777,0.9964640785768322,0.08658204785230755,0.09306617717474763,0.00020871055267884412
latifah,ng_v2,4.6,vas_lat_r,Vast. lateralis,0.0018165213780359764,2.9575270929308313,0.9979432545887947,0.06142027852856799,0.06291597131645174,0.00039212620298452477
latifah,ng_v2,4.6,tib_ant_r,Tib. anterior,0.005183090421894982,24.814102443418015,0.732859583236003,0.020887680437822187,0.025418185403292937,-0.001607292009704387
latifah,ng_v2,4.6,soleus_r,Soleus,0.003834020990964772,13.71154632109127,0.960751004003655,0.027961988394169912,0.024673964004838456,-0.0030497489400217194
latifah,ng_v2,4.6,med_gas_r,Med. gastrocnemius,0.003749821417865658,13.962997603116351,0.9246938397648526,0.026855418331009018,0.02286425920432178,-0.0026004756369016682
latifah,ng_v2,4.6,semimem_r,Semimembranosus,0.004079587705036528,10.187547042757323,0.9376171814047704,0.040044847772623016,0.03955422995580654,-0.00016465637913617526
latifah,ng_v2,4.6,semiten_r,Semitendinosus,0.006140529239281779,12.318273718379793,0.9237448211819147,0.04984894295797021,0.05072119402232966,0.00023058202308508726
latifah,ng_v2,4.6,bifemlh_r,Biceps femoris LH,0.005648559137373636,10.737370044364045,0.9524724216454761,0.05260654251492913,0.05596976797183184,-8.067395502045247e-05
latifah,ng_v2,4.6,bifemsh_r,Biceps femoris SH,0.000567634132269779,8.185791011747359,0.9877545426676279,0.006934383390135079,0.007403092866848315,-0.00041878363397087703
laurel,ng_v0,3.06,glut_med1_r,Glut. medius,0.001605600656275246,15.341607393546507,0.8932361808130268,0.010465661224981201,0.012510182304841092,0.0006229153784037699
laurel,ng_v0,3.06,rect_fem_r,Rect. femoris,0.00488001191363236,9.142286553377092,0.9972125907573527,0.05337846156036008,0.056136957128362086,0.00461939727879425
laurel,ng_v0,3.06,vas_lat_r,Vast. lateralis,0.0021233757191761442,4.9193014923251015,0.9970260324176498,0.04316417122408436,0.04370843237495539,0.001792752974042451
laurel,ng_v0,3.06,tib_ant_r,Tib. anterior,0.0015989790265553885,11.44353528395667,0.9217354586380987,0.013972771410921292,0.013147260992933951,8.511382575581546e-05
laurel,ng_v0,3.06,soleus_r,Soleus,0.0021604912134146415,26.290730852727922,0.9380082848826398,0.008217691723813259,0.009445840095477054,-0.0019746842408256996
laurel,ng_v0,3.06,med_gas_r,Med. gastrocnemius,0.0037770709111565656,28.723401150300766,0.4133442395266316,0.013149803852936182,0.013545689888652568,-0.0011574652306927356
laurel,ng_v0,3.06,semimem_r,Semimembranosus,0.0036731389528730216,17.465312322921196,0.957308594958647,0.021031052207709178,0.021015956974221872,-0.0031230929117755132
laurel,ng_v0,3.06,semiten_r,Semitendinosus,0.004525548712589984,17.31441358913456,0.9724337072862885,0.026137464542431488,0.0275678410975827,-0.004038840004375842
laurel,ng_v0,3.06,bifemlh_r,Biceps femoris LH,0.0046461436970536285,15.29565630196363,0.990299529740571,0.030375575949998068,0.029990347409769802,-0.0044401380233046565
laurel,ng_v0,3.06,bifemsh_r,Biceps femoris SH,0.0008592724806042435,12.178378666518135,0.990424015049711,0.007055721489155453,0.007646921517045824,-0.0007076813071624947
laurel,ng_v1,3.56,glut_med1_r,Glut. medius,0.005802113509863919,52.57277444246555,0.8939254031877315,0.011036346419597123,0.025253470552586185,-0.001961496142215646
laurel,ng_v1,3.56,rect_fem_r,Rect. femoris,0.005711511450539443,7.506655282138598,0.9957341916044306,0.0760859695279929,0.08714334015339786,0.0037280934284019867
laurel,ng_v1,3.56,vas_lat_r,Vast. lateralis,0.002365216693858994,3.473194989256509,0.998259582385051,0.0680991623325273,0.06989172108773575,0.0013007640751356284
laurel,ng_v1,3.56,tib_ant_r,Tib. anterior,0.002717568718055002,11.286586908886772,0.9644122094181048,0.02407786109293375,0.022449397013719175,0.0022500224823127114
laurel,ng_v1,3.56,soleus_r,Soleus,0.005816481639219087,31.341967321740576,0.9695773016011917,0.018558125530251712,0.017382453039802237,-0.0057100314767699525
laurel,ng_v1,3.56,med_gas_r,Med. gastrocnemius,0.006418301426615445,30.269028838831822,0.8858224455319947,0.021204186830009797,0.020472219818283288,-0.006000556407963548
laurel,ng_v1,3.56,semimem_r,Semimembranosus,0.00496719066696785,15.278477699069038,0.9446798170542142,0.03251103130039268,0.033022196202890486,-0.003457116882533551
laurel,ng_v1,3.56,semiten_r,Semitendinosus,0.006244826439907264,15.427158490350076,0.954222168773552,0.04047943400473586,0.04516326538642523,-0.004028163379308755
laurel,ng_v1,3.56,bifemlh_r,Biceps femoris LH,0.005484972431277154,13.560642794517477,0.9721740545154006,0.04044773182503347,0.0458871929777831,-0.0034265964477791693
laurel,ng_v1,3.56,bifemsh_r,Biceps femoris SH,0.0011167799893578086,12.430524617977596,0.9767662164239277,0.008984174229804187,0.009734192298237243,-0.0008067080237792924
laurel,ng_v2,4.12,glut_med1_r,Glut. medius,0.005915552975180085,54.86781999764063,0.7326736189398254,0.010781461657187144,0.023350539839196494,-0.002860209042412754
laurel,ng_v2,4.12,rect_fem_r,Rect. femoris,0.00809732603637503,10.23555898551786,0.9965786787566902,0.07910975890844668,0.0874197236516081,0.007160559037157012
laurel,ng_v2,4.12,vas_lat_r,Vast. lateralis,0.0019008458904524303,2.763204968054076,0.9984680680395097,0.06879134600684572,0.06975539912750664,0.0007724585782393393
laurel,ng_v2,4.12,tib_ant_r,Tib. anterior,0.0028891281883457816,13.817838286735892,0.9358176773649837,0.020908684328134974,0.018113263947733993,0.002277319905100029
laurel,ng_v2,4.12,soleus_r,Soleus,0.006068833997277341,34.78937643323478,0.9576019221879254,0.017444503522287047,0.015803422664009248,-0.005958945892469279
laurel,ng_v2,4.12,med_gas_r,Med. gastrocnemius,0.006257576198811245,31.80699837094417,0.8989072151246864,0.019673582919812915,0.019627760189579346,-0.005923679333802773
laurel,ng_v2,4.12,semimem_r,Semimembranosus,0.00823001547666902,25.43101190273116,0.944512078096845,0.032362123489805605,0.030800184774414208,-0.007662350583968757
laurel,ng_v2,4.12,semiten_r,Semitendinosus,0.009820820547074999,24.06257619712808,0.9430272031189271,0.0408136704342037,0.04306700261012719,-0.008894520018423098
laurel,ng_v2,4.12,bifemlh_r,Biceps femoris LH,0.009126154053084833,21.8655612394182,0.9641850297940543,0.04173757057117122,0.04523170366171103,-0.008318748436134522
laurel,ng_v2,4.12,bifemsh_r,Biceps femoris SH,0.0008435097317185546,9.074833323678938,0.9813421384726808,0.009295043794551983,0.00956209154401505,-0.0005713494438627759
marquise,ng_v0,4.05,glut_med1_r,Glut. medius,0.00582521713708513,77.36930377334406,0.8468079390140995,0.007529106316053066,0.02221500683681825,-0.0036860345131035266
marquise,ng_v0,4.05,rect_fem_r,Rect. femoris,0.020233903828736858,58.72719229939012,0.9416006445170607,0.034454062992803736,0.040379639669236356,0.020064433624726888
marquise,ng_v0,4.05,vas_lat_r,Vast. lateralis,0.007957189715532028,23.357605384414725,0.9546109728435768,0.03406680430024489,0.03199851614052704,0.007546935080827159
marquise,ng_v0,4.05,tib_ant_r,Tib. anterior,0.0031437895673271194,47.07118110058509,-0.4316761797657748,0.006678798988725698,0.007436555951474189,0.0011638333885030736
marquise,ng_v0,4.05,soleus_r,Soleus,0.002387971353916036,41.121147525499524,0.7613778116876677,0.005807161272518568,0.008479917792871938,-0.002120157126855838
marquise,ng_v0,4.05,med_gas_r,Med. gastrocnemius,0.0043015712619149035,106.4748461183141,-0.4025091277242596,0.004039988240166159,0.010842872736452236,0.002026507803403201
marquise,ng_v0,4.05,semimem_r,Semimembranosus,0.012868177143293757,170.16731513769747,0.621354833183693,0.007562073323470475,0.012737331290512188,-0.012757954755426607
marquise,ng_v0,4.05,semiten_r,Semitendinosus,0.015731967733296142,137.38501075062499,0.7665766371377284,0.01145100738962862,0.019721225048228208,-0.015594772988761541
marquise,ng_v0,4.05,bifemlh_r,Biceps femoris LH,0.018900129513542634,164.88463670172823,0.7765521965303923,0.011462638297667749,0.022475016092557365,-0.018729203490917105
marquise,ng_v0,4.05,bifemsh_r,Biceps femoris SH,0.0016577718204893602,49.57407077503848,0.9507497091630338,0.0033440300434720016,0.004889695785590398,-0.0016100954321890497
marquise,ng_v1,4.61,glut_med1_r,Glut. medius,0.009672499768702847,43.11620102401047,0.4760988044562881,0.022433562185398576,0.07426810858367718,-0.0015702384816401144
marquise,ng_v1,4.61,rect_fem_r,Rect. femoris,0.016736451904143912,22.70647014853396,0.8561912706106412,0.07370785416959447,0.14435399797952775,0.007118438163514656
marquise,ng_v1,4.61,vas_lat_r,Vast. lateralis,0.006414849463286384,10.34062252657632,0.9512227999121362,0.06203542820366617,0.05996381590495761,0.001086769686858619
marquise,ng_v1,4.61,tib_ant_r,Tib. anterior,0.0056324767775836745,21.77743036291053,0.5659488485271992,0.025863826373089593,0.023126422560587945,0.0007846604012301039
marquise,ng_v1,4.61,soleus_r,Soleus,0.005329315552690747,17.967238532511562,0.821713029988445,0.029661294600432875,0.0249733282486006,-0.003836228431520939
marquise,ng_v1,4.61,med_gas_r,Med. gastrocnemius,0.005244988803773412,19.25967522018497,0.6611424389457857,0.027233007534189557,0.024737524575751735,-0.002586398000221882
marquise,ng_v1,4.61,semimem_r,Semimembranosus,0.012092764645757068,35.71145396083238,0.6802172487609105,0.03386242592928357,0.09392896500482151,-0.006396295978607499
marquise,ng_v1,4.61,semiten_r,Semitendinosus,0.015669498525810545,34.37595687762096,0.6976978245368836,0.04558272685061321,0.11434304882193297,-0.008388094103264413
marquise,ng_v1,4.61,bifemlh_r,Biceps femoris LH,0.015840631613170987,34.80961567014876,0.7044165295387935,0.04550648235612448,0.1224269948552344,-0.007737450617433137
marquise,ng_v1,4.61,bifemsh_r,Biceps femoris SH,0.0008778787380294878,13.663150375978903,0.8472993972695609,0.0064251560867900626,0.0055217181428035556,-0.0002630219262336956
marquise,ng_v2,7.2,glut_med1_r,Glut. medius,0.0071202890607918725,35.67615668930651,0.5788987746427275,0.01995811690928606,0.028952271766219048,-0.0026825005561792238
marquise,ng_v2,7.2,rect_fem_r,Rect. femoris,0.007077838737397424,9.743860423982444,0.9800938703080468,0.07263895857925906,0.08585895872432664,0.002069918633496898
marquise,ng_v2,7.2,vas_lat_r,Vast. lateralis,0.002820312481892979,4.547225680581365,0.9927881765369908,0.06202270747055599,0.05897815476870735,0.0001407163746500368
marquise,ng_v2,7.2,tib_ant_r,Tib. anterior,0.00625949661547856,20.332166840133592,0.579637652123733,0.030786175741598587,0.02620629409874936,0.0017076426514806109
marquise,ng_v2,7.2,soleus_r,Soleus,0.005956615336540222,18.889780246356757,0.8405439477189894,0.031533534317791045,0.027130044881645443,-0.004577403718644362
marquise,ng_v2,7.2,med_gas_r,Med. gastrocnemius,0.0059760410444135575,21.07152721328347,0.683310218635395,0.02836073998777966,0.026750089827101586,-0.0038164950738112224
marquise,ng_v2,7.2,semimem_r,Semimembranosus,0.0052706075888880035,16.77407732999689,0.9279929543264923,0.03142114755523773,0.04384712167618282,-0.0020596079644247993
marquise,ng_v2,7.2,semiten_r,Semitendinosus,0.007057141706785573,16.361166554845497,0.9344331594264508,0.04313348735329353,0.05624436212575584,-0.0024715539815943193
marquise,ng_v2,7.2,bifemlh_r,Biceps femoris LH,0.007492079926293208,17.361619322306566,0.9288676143724244,0.04315311715576686,0.0554859977804511,-0.0021383645136939197
marquise,ng_v2,7.2,bifemsh_r,Biceps femoris SH,0.0007184058819283865,11.168176439502416,0.9014126582907486,0.006432615797395069,0.005467763584954377,-6.449391156074757e-05
neves,ng_v0,3.49,glut_med1_r,Glut. medius,0.009152653276977627,58.000995310651774,0.6217237888552424,0.015780165888458056,0.03679994816312765,-0.005682408709740896
neves,ng_v0,3.49,rect_fem_r,Rect. femoris,0.006210236287960739,8.368186506494725,0.9905829902189883,0.0742124507280143,0.0790351709441181,0.005062748886665168
neves,ng_v0,3.49,vas_lat_r,Vast. lateralis,0.003556188403956198,6.310102430246767,0.9858722769053545,0.05635706303133858,0.0564956679453503,0.0008783033463135318
neves,ng_v0,3.49,tib_ant_r,Tib. anterior,0.00881953097186883,34.16746196527085,0.878111601795683,0.02581266053894593,0.02431877580445385,-0.008352788212509187
neves,ng_v0,3.49,soleus_r,Soleus,0.004641123530355972,16.23673351833532,0.949767374799184,0.028584096210700183,0.023940565165643857,0.004242362166553594
neves,ng_v0,3.49,med_gas_r,Med. gastrocnemius,0.005348486085167076,25.17350221907912,0.8795315660906162,0.02124649180165894,0.022809356261038194,0.004798725433009385
neves,ng_v0,3.49,semimem_r,Semimembranosus,0.00865334297660943,20.31542828128046,0.9109790781694382,0.04259493256454261,0.04320992873274443,-0.00619981590890356
neves,ng_v0,3.49,semiten_r,Semitendinosus,0.00945980000681304,17.774192711596093,0.9382736715275584,0.053222107807131824,0.053229648317257294,-0.007225869313945202
neves,ng_v0,3.49,bifemlh_r,Biceps femoris LH,0.007151537584737813,13.715350395440373,0.9595683786902756,0.052142580237070135,0.05481439605960503,-0.005193094017078007
neves,ng_v0,3.49,bifemsh_r,Biceps femoris SH,0.0020642474272739657,28.38773146750467,0.7715905260145618,0.007271618127136725,0.01539159607768803,-0.0005049541091553954
neves,ng_v1,4.03,glut_med1_r,Glut. medius,0.005208469967403516,29.425047646855674,0.8139261690338401,0.01770080385225846,0.022211962527113577,-0.003793964956570563
neves,ng_v1,4.03,rect_fem_r,Rect. femoris,0.005449191675233216,7.543293007498228,0.9883001502842671,0.07223889712114562,0.07724906390820563,0.0035571534465361986
neves,ng_v1,4.03,vas_lat_r,Vast. lateralis,0.003478805385900971,6.288133822018463,0.9841633157556385,0.05532333573626602,0.05506784129910669,0.0004953275561011132
neves,ng_v1,4.03,tib_ant_r,Tib. anterior,0.010865232983647029,45.846174155333195,0.56745087074358,0.0236993231907075,0.06098165932979294,-0.006558244490930342
neves,ng_v1,4.03,soleus_r,Soleus,0.008206315010923832,29.724416652944015,0.7059678279746676,0.02760799347801851,0.06508975982329851,0.0018700746848726135
neves,ng_v1,4.03,med_gas_r,Med. gastrocnemius,0.008272284527726163,40.08938680353605,0.5734891005591243,0.02063459979636434,0.06049135420036317,0.002200842272274302
neves,ng_v1,4.03,semimem_r,Semimembranosus,0.0038927374931981788,9.894567402706175,0.9911650588653557,0.03934216964486503,0.04031824358496855,-0.003478938208705709
neves,ng_v1,4.03,semiten_r,Semitendinosus,0.004771440742682361,9.772154978091601,0.989550664866728,0.048826904130967574,0.04968880844375645,-0.004173887289357649
neves,ng_v1,4.03,bifemlh_r,Biceps femoris LH,0.0036737433684778057,7.740527968344425,0.9880258610023303,0.047461147140116344,0.05021210590997277,-0.0024756827268916227
neves,ng_v1,4.03,bifemsh_r,Biceps femoris SH,0.00046451014560121507,7.341575811418183,0.9553561537453938,0.00632711774056427,0.00656441130006874,-0.00011684578143366713
neves,ng_v2,4.48,glut_med1_r,Glut. medius,0.005810655689299321,29.92992429445663,0.8576728993509249,0.0194142010923012,0.02008641349400843,-0.004679978222408761
neves,ng_v2,4.48,rect_fem_r,Rect. femoris,0.004044218136427138,5.4863907900798035,0.9913445042054203,0.07371363599799846,0.07842489634819572,0.002593351218414604
neves,ng_v2,4.48,vas_lat_r,Vast. lateralis,0.003530391447349814,6.101384718222065,0.9856995805650693,0.057862134751249794,0.056694223112482844,-0.0017071014324666922
neves,ng_v2,4.48,tib_ant_r,Tib. anterior,0.010177909549055847,36.627212690755016,0.9173688081196479,0.027787835331583466,0.032735583734894935,-0.00963151065771988
neves,ng_v2,4.48,soleus_r,Soleus,0.00420764800898782,11.498537619449081,0.9796431377484878,0.03659289683821043,0.03303792115822157,0.0037771199552795775
neves,ng_v2,4.48,med_gas_r,Med. gastrocnemius,0.004913566278425654,17.708254377524046,0.9514178321002058,0.027747321524035307,0.024962972718418963,0.004474012154026307
neves,ng_v2,4.48,semimem_r,Semimembranosus,0.004884526152106727,11.600515548780747,0.9939697976928317,0.04210611271168985,0.04145810795307597,-0.004666297350966385
neves,ng_v2,4.48,semiten_r,Semitendinosus,0.005735806061635187,11.05806340116092,0.9940420888179613,0.05186989668582492,0.0511512002986379,-0.00547501788420406
neves,ng_v2,4.48,bifemlh_r,Biceps femoris LH,0.004012062316732129,7.937951526529528,0.9934204494831265,0.05054279184400867,0.0529979857416345,-0.0034732475075993285
neves,ng_v2,4.48,bifemsh_r,Biceps femoris SH,0.0004881169677872448,6.826576643684663,0.9754586065256503,0.007150245185320037,0.007745871666426207,0.0001717830246034762
rehema,ng_v0,3.05,glut_med1_r,Glut. medius,0.002877196583885188,111.8495575430058,0.40815429716624657,0.0025723808364453427,0.0027819188938470046,-0.002798057016678315
rehema,ng_v0,3.05,rect_fem_r,Rect. femoris,0.005767873670087039,13.365412602060001,0.995015786072911,0.04315522342496214,0.05931103979082347,0.002724596125523134
rehema,ng_v0,3.05,vas_lat_r,Vast. lateralis,0.0029564964319097314,8.62367035347336,0.9918512066474191,0.03428350471118069,0.04114693164845007,0.001117349892210349
rehema,ng_v0,3.05,tib_ant_r,Tib. anterior,0.007835411525972655,87.38579725569438,0.8293900650722187,0.008966458820586054,0.005989106243723397,-0.007748402275768706
rehema,ng_v0,3.05,soleus_r,Soleus,0.0014096742357185461,25.518875870049662,0.793842771904615,0.005524045192652927,0.0034488407752433226,0.0012454464425282214
rehema,ng_v0,3.05,med_gas_r,Med. gastrocnemius,0.006647616451518697,66.29415971607786,0.26167524912580886,0.010027454122638946,0.008576964514675267,0.00604477411940561
rehema,ng_v0,3.05,semimem_r,Semimembranosus,0.0025927720157685476,16.024293139090116,0.9584069879566998,0.01618025826951247,0.027169985849655187,0.0008545489972387152
rehema,ng_v0,3.05,semiten_r,Semitendinosus,0.003187989346618472,16.052397830215305,0.9693611921798692,0.019859894953623336,0.03223457657091727,0.0014017167526243286
rehema,ng_v0,3.05,bifemlh_r,Biceps femoris LH,0.004167000182611453,18.9628375420526,0.9954905230973519,0.02197456036508555,0.036021571562876276,-0.0011854144532776807
rehema,ng_v0,3.05,bifemsh_r,Biceps femoris SH,0.0006531914710024289,19.270496029956423,0.965597753581143,0.0033895934489025503,0.004205046580535443,-0.0004917492666470582
rehema,ng_v1,3.57,glut_med1_r,Glut. medius,0.008101607554086067,97.78859708107743,0.9065594459298933,0.008284818267071517,0.03153393412402107,-0.0008390763549012482
rehema,ng_v1,3.57,rect_fem_r,Rect. femoris,0.008283671620481794,14.819717552252426,0.9899534034634166,0.0558962854135015,0.07503550174830892,-0.006460429964350636
rehema,ng_v1,3.57,vas_lat_r,Vast. lateralis,0.002984099006872809,5.640097687018012,0.9895869165023238,0.05290864046098709,0.051178589227641735,-0.0012156306824142246
rehema,ng_v1,3.57,tib_ant_r,Tib. anterior,0.008749210752945363,37.84792828310934,0.8800821578980687,0.023116749449268892,0.020487054007509553,-0.008359319256021508
rehema,ng_v1,3.57,soleus_r,Soleus,0.004143380315270311,14.781646067864655,0.9511381862823352,0.02803057451279417,0.020945329710715166,0.003609305809043046
rehema,ng_v1,3.57,med_gas_r,Med. gastrocnemius,0.004790286833720597,21.126609827859106,0.8958867190755119,0.022674186122393247,0.015204129481038553,0.004104760914920044
rehema,ng_v1,3.57,semimem_r,Semimembranosus,0.0076467566144064695,34.9587987306367,0.8001652864745151,0.021873625216146553,0.030668587629219646,0.005823304717259739
rehema,ng_v1,3.57,semiten_r,Semitendinosus,0.009946846503252192,37.316816942826506,0.7853959934320965,0.02665513116644397,0.03908143535794506,0.007249320313616673
rehema,ng_v1,3.57,bifemlh_r,Biceps femoris LH,0.010076756249680779,34.95024125761061,0.8876936288494623,0.028831721576418334,0.04484310086937654,0.007838222863485756
rehema,ng_v1,3.57,bifemsh_r,Biceps femoris SH,0.000844894176628126,15.341584383111606,0.9301257528745702,0.005507215914141217,0.007008443221479588,-0.00024975633671180233
rehema,ng_v2,4.07,glut_med1_r,Glut. medius,0.009470155010835755,105.92561893511953,0.9048363726163358,0.008940382039812594,0.03587176299131761,0.0047324023496059615
rehema,ng_v2,4.07,rect_fem_r,Rect. femoris,0.018936222984047638,32.08334812916857,0.8191759736178833,0.05902196649741731,0.07648022448370395,-0.013354445498177117
rehema,ng_v2,4.07,vas_lat_r,Vast. lateralis,0.005568788434883001,10.466634630371326,0.9658002715594952,0.0532051478965731,0.05412837097884471,-0.0035212167014205126
rehema,ng_v2,4.07,tib_ant_r,Tib. anterior,0.010120831505509902,31.426967218961167,0.9329062323497833,0.03220428950396331,0.0170674800721497,-0.009646655423094739
rehema,ng_v2,4.07,soleus_r,Soleus,0.006898269262064529,23.428341268493945,0.9746058354287659,0.029444121472403217,0.018326337226463485,0.0065930371326200585
rehema,ng_v2,4.07,med_gas_r,Med. gastrocnemius,0.007925952392215692,32.39548835988955,0.9081808140226267,0.02446622290167172,0.012747260042019315,0.0075581643320081
rehema,ng_v2,4.07,semimem_r,Semimembranosus,0.016473211125131722,72.59659445297699,0.4426427510984206,0.022691437868758324,0.05757256275563738,0.01160955143256868
rehema,ng_v2,4.07,semiten_r,Semitendinosus,0.019326669359183642,69.27205810762712,0.45807223723506324,0.027899660970309326,0.06752938810846193,0.013266646853155038
rehema,ng_v2,4.07,bifemlh_r,Biceps femoris LH,0.0196551329777464,65.02563262207639,0.5330431883681083,0.03022674626170946,0.0661403813760551,0.01410042843277787
rehema,ng_v2,4.07,bifemsh_r,Biceps femoris SH,0.0010812180665642189,24.072392534529065,0.7620678477508471,0.004491527234001924,0.006539897203073186,-1.5068394710534704e-05
rushda,ng_v0,3.56,glut_med1_r,Glut. medius,0.0005533541809030786,75.89938132932528,0.39577217604916337,0.0007290628345204692,0.0010575627933245707,0.0004812581757299161
rushda,ng_v0,3.56,rect_fem_r,Rect. femoris,0.002579913054414196,56.37368996832848,0.8743047344987304,0.004576448793512766,0.004328597344701757,-0.002533215963001212
rushda,ng_v0,3.56,vas_lat_r,Vast. lateralis,0.0012633908715676012,40.63374648436008,0.9468762712919365,0.0031092158141358683,0.0030903340893581044,-0.0012354436093203363
rushda,ng_v0,3.56,tib_ant_r,Tib. anterior,0.0063905791768385095,177.3572676382369,0.7282424478485123,0.003603223742639994,0.0017357444775825126,-0.006369690213265351
rushda,ng_v0,3.56,soleus_r,Soleus,0.001168470627504564,68.02918951300501,0.5612893572293778,0.0017176018645366775,0.0018526507092728184,0.0010771776974934334
rushda,ng_v0,3.56,med_gas_r,Med. gastrocnemius,0.0021325131616452054,62.99369104805296,0.7685075972950198,0.0033852805355039095,0.003111261922150721,0.002064564543624229
rushda,ng_v0,3.56,semimem_r,Semimembranosus,0.002169027250461957,66.02691528582262,0.7716470544407358,0.003285065251151742,0.0032009014176219708,0.0021124196078235536
rushda,ng_v0,3.56,semiten_r,Semitendinosus,0.002382122880330613,63.18881242434924,0.8361671261495299,0.003769849106093792,0.0038745111789816322,0.0023271838844693914
rushda,ng_v0,3.56,bifemlh_r,Biceps femoris LH,0.0022387692017987234,78.06458180312069,0.6840342898159437,0.002867842432621892,0.003177346924692237,0.0021628762113397805
rushda,ng_v0,3.56,bifemsh_r,Biceps femoris SH,0.0007056709446268639,40.940524457896856,0.9465522665448126,0.0017236490102919277,0.0016422662250656916,0.0006925591120924691
rushda,ng_v1,4.09,glut_med1_r,Glut. medius,0.006109510546301741,49.87545247058039,0.33007751141348796,0.012249534076719415,0.021808051813996115,-0.0008621430592474858
rushda,ng_v1,4.09,rect_fem_r,Rect. femoris,0.007756493054301302,9.117359573548663,0.9964706298575398,0.08507389657861564,0.08831884365854498,-0.006942284511356154
rushda,ng_v1,4.09,vas_lat_r,Vast. lateralis,0.0041840283079674695,6.2108213393603275,0.9961547446731865,0.06736674715551222,0.06460498541118659,-0.0036449942378208784
rushda,ng_v1,4.09,tib_ant_r,Tib. anterior,0.0069089805440346996,22.092614032574115,0.8405863808958489,0.0312728069835822,0.023222432643383306,-0.006161278746362968
rushda,ng_v1,4.09,soleus_r,Soleus,0.002429362714223012,7.296540165194096,0.9507508895665745,0.03329472132301198,0.02438472924447954,0.0010690381025037373
rushda,ng_v1,4.09,med_gas_r,Med. gastrocnemius,0.003640723712120079,11.380269594240522,0.81213468272611,0.031991541869646256,0.021566509570368986,0.0010567289338012115
rushda,ng_v1,4.09,semimem_r,Semimembranosus,0.004542646998695745,13.566424898982326,0.9629878810134502,0.03348448122862868,0.03976619303128098,0.0034623706367963654
rushda,ng_v1,4.09,semiten_r,Semitendinosus,0.005870405676879958,13.937471651324234,0.9676860107758669,0.04211958828502582,0.04835552530017451,0.004500299267635151
rushda,ng_v1,4.09,bifemlh_r,Biceps femoris LH,0.006950554734646136,15.397682156894952,0.984823911073101,0.045140266332447554,0.05154901468106737,0.0060412906669549855
rushda,ng_v1,4.09,bifemsh_r,Biceps femoris SH,0.0014221228956595596,16.742884305324253,0.8670697822177253,0.008493894299964333,0.006888215771853723,0.0007126490309975998
rushda,ng_v2,4.6,glut_med1_r,Glut. medius,0.0051765767821481965,36.889569712196504,0.634288779499716,0.014032629880301115,0.02127711917286447,-0.0017739340346378967
rushda,ng_v2,4.6,rect_fem_r,Rect. femoris,0.00866210775989715,10.465493391946758,0.9952832355402338,0.08276826935424447,0.08844182595966654,-0.008030183761133718
rushda,ng_v2,4.6,vas_lat_r,Vast. lateralis,0.005668546035345502,8.046788609090132,0.9925955646884718,0.07044482352800935,0.06866898012464537,-0.004926081285443914
rushda,ng_v2,4.6,tib_ant_r,Tib. anterior,0.006720290002940872,20.85795694058808,0.8376211425493508,0.03221931094250019,0.025999961196889132,-0.005615099822909017
rushda,ng_v2,4.6,soleus_r,Soleus,0.0023968246113071343,6.481039597968237,0.971058418123591,0.036982101020622105,0.02814557176751664,0.0007379274817810322
rushda,ng_v2,4.6,med_gas_r,Med. gastrocnemius,0.00381786535896756,10.442321229053153,0.8911208031959444,0.036561462487337604,0.026776360319584747,0.0009474795106342854
rushda,ng_v2,4.6,semimem_r,Semimembranosus,0.004566959399782919,13.843706305010391,0.9663698079551317,0.03298942710255287,0.03800490706296805,0.003630709944322198
rushda,ng_v2,4.6,semiten_r,Semitendinosus,0.0059484697233770575,14.789906462590393,0.9691181126861628,0.04021979272433618,0.04747501290208622,0.004876982751072794
rushda,ng_v2,4.6,bifemlh_r,Biceps femoris LH,0.006943002863531449,15.861869074749022,0.9858026774070204,0.0437716566112894,0.05118847740824223,0.006318880191535696
rushda,ng_v2,4.6,bifemsh_r,Biceps femoris SH,0.0014948440102884775,14.511051820567605,0.8933050211149912,0.010301417352598263,0.009023690975067555,0.0008603198753062641
yaxkin,ng_v0,2.57,glut_med1_r,Glut. medius,0.0038252951088066853,349.04823609729283,0.5971965886091174,0.0010959216272161398,0.0010119237328573422,-0.003817705671888315
yaxkin,ng_v0,2.57,rect_fem_r,Rect. femoris,0.004270500506337758,301.2341486565381,0.8121578852212062,0.0014176681247407008,0.0015411439455361164,0.004264049416165057
yaxkin,ng_v0,2.57,vas_lat_r,Vast. lateralis,0.002605444929273456,270.5762628700838,0.8695502105858761,0.0009629244271602833,0.0010368618786659733,0.002601161822435517
yaxkin,ng_v0,2.57,tib_ant_r,Tib. anterior,0.0020429597295040848,614.821888739742,0.6126389914490781,0.00033228480750607803,0.0013940509769245213,-0.002007334532102788
yaxkin,ng_v0,2.57,soleus_r,Soleus,0.0005570629650602798,195.85658518089912,0.21255531263855668,0.00028442391382743626,0.0007102565349760281,0.0005301140097956089
yaxkin,ng_v0,2.57,med_gas_r,Med. gastrocnemius,0.0006582460023088171,84.51011860886217,0.7351684603556837,0.0007788960814921753,0.0011900045713980623,-0.0006290857975573091
yaxkin,ng_v0,2.57,semimem_r,Semimembranosus,0.0028099077595512903,289.4784221619681,0.7785406686190415,0.0009706795202784058,0.0009301535311732612,-0.0028047724391346827
yaxkin,ng_v0,2.57,semiten_r,Semitendinosus,0.0016900904561477866,143.69048264840993,0.6281611831439352,0.0011762020872900791,0.0008119033826363142,-0.0016691441909005625
yaxkin,ng_v0,2.57,bifemlh_r,Biceps femoris LH,0.00230175298091825,216.03461427006758,0.6759453831344929,0.0010654556394563697,0.0008907607812557727,-0.002291564235309539
yaxkin,ng_v0,2.57,bifemsh_r,Biceps femoris SH,0.0014479680977477164,283.75262355689796,0.8709572709581735,0.0005102924087880267,0.0005983113581650157,-0.0014454029465729493
yaxkin,ng_v1,3.02,glut_med1_r,Glut. medius,0.01183398190546823,85.14851722136034,0.9347221101502576,0.013898048130073087,0.0420305300668343,-0.005408753243162849
yaxkin,ng_v1,3.02,rect_fem_r,Rect. femoris,0.0046544019198317965,7.0418790675555964,0.9882085322565661,0.06609602174618784,0.07276156000531409,-0.0016571963542859585
yaxkin,ng_v1,3.02,vas_lat_r,Vast. lateralis,0.004150787753476845,7.567089445760777,0.9824386075875139,0.05485316095744305,0.05638792389424174,-0.0015609854208908306
yaxkin,ng_v1,3.02,tib_ant_r,Tib. anterior,0.007110373202484943,21.074311178724813,0.7787694612348388,0.03373952838687838,0.024183517573616697,-0.004867185380741941
yaxkin,ng_v1,3.02,soleus_r,Soleus,0.003417235026725801,8.389002508174755,0.9647108901764766,0.04073470026258591,0.030181940016010322,0.001617815536396324
yaxkin,ng_v1,3.02,med_gas_r,Med. gastrocnemius,0.004410039466962266,11.113296013141394,0.902124783613124,0.03968255197870574,0.027679120493821263,0.001312023886310691
yaxkin,ng_v1,3.02,semimem_r,Semimembranosus,0.0021895138940116444,10.623671811022104,0.94013722443235,0.020609765935540425,0.02142662525343908,-0.0010218221403171435
yaxkin,ng_v1,3.02,semiten_r,Semitendinosus,0.002977700759981786,12.259788926782477,0.8977369089773638,0.024288352579029837,0.023928019426922964,0.0006019322752812073
yaxkin,ng_v1,3.02,bifemlh_r,Biceps femoris LH,0.002363740804914687,7.931289853089256,0.9776346995903152,0.02980272879567003,0.032182920395710135,0.0012344830892857385
yaxkin,ng_v1,3.02,bifemsh_r,Biceps femoris SH,0.0012336267512411709,20.589208035494693,0.7857782244357299,0.005991618274556576,0.006638925983589616,-0.00018542614215604446
yaxkin,ng_v2,3.96,glut_med1_r,Glut. medius,0.012197510640034763,90.54264465371533,0.9290944117604859,0.0134715643514553,0.041994466022026,-0.004882634365604102
yaxkin,ng_v2,3.96,rect_fem_r,Rect. femoris,0.005571664142199525,7.891437556230539,0.9863332195117567,0.07060391851926295,0.08981764465153047,-0.002737562983504742
yaxkin,ng_v2,3.96,vas_lat_r,Vast. lateralis,0.004591095185615627,8.054250311402475,0.9828700906410391,0.05700214182710428,0.06092183461650169,-0.0018485933224983609
yaxkin,ng_v2,3.96,tib_ant_r,Tib. anterior,0.006527657334134228,29.189976152653287,0.6547150937251631,0.02236266758149058,0.016845982500070522,-0.004718872032605787
yaxkin,ng_v2,3.96,soleus_r,Soleus,0.0024394355791263595,9.473284511787664,0.9543887326311908,0.025750684211911457,0.020935455712353945,0.0011559785812830208
yaxkin,ng_v2,3.96,med_gas_r,Med. gastrocnemius,0.003592575183789362,14.583479469956725,0.8453716693900147,0.024634554402400255,0.020315319299697543,0.001095225319398711
yaxkin,ng_v2,3.96,semimem_r,Semimembranosus,0.0030293406069826813,13.814411245659098,0.8812349868020093,0.02192884338762241,0.029622546523426663,-0.00047619074899407535
yaxkin,ng_v2,3.96,semiten_r,Semitendinosus,0.003967234857530045,14.47939364197462,0.8498990869380557,0.02739917813981757,0.03588070894595391,0.0010436955693020446
yaxkin,ng_v2,3.96,bifemlh_r,Biceps femoris LH,0.0038740989557838864,11.562201982000012,0.946189250255701,0.03350658431512499,0.046427685597518364,0.002036779677609041
yaxkin,ng_v2,3.96,bifemsh_r,Biceps femoris SH,0.001363524427249219,19.578593126722815,0.8373701145057302,0.006964363672219864,0.008993671410497117,-0.00032650488360469904
ziri,ng_v0,3.59,glut_med1_r,Glut. medius,0.002756755546716165,187.6295432039441,0.483719940167426,0.0014692545212454666,0.015962539048720956,0.0015554223531127447
ziri,ng_v0,3.59,rect_fem_r,Rect. femoris,0.008813225003210827,160.44136665148773,0.37841353678288775,0.005493112647410314,0.012449353084864112,-0.008239385771301996
ziri,ng_v0,3.59,vas_lat_r,Vast. lateralis,0.0033272267377859044,108.25115014512407,-0.7703149843095164,0.003073617909209597,0.011111936664784577,-0.0026336441798278537
ziri,ng_v0,3.59,tib_ant_r,Tib. anterior,0.011856409920407469,268.6547223672875,-0.7405100818424398,0.004413252004629997,0.04220038396532688,-0.00960219429595727
ziri,ng_v0,3.59,soleus_r,Soleus,0.0056935097773780224,281.8441227526538,-0.5430460284742482,0.002020091716574357,0.02942067828463446,0.002953844670908107
ziri,ng_v0,3.59,med_gas_r,Med. gastrocnemius,0.007827856163346402,209.20673073824116,-0.6520937149610948,0.0037416846655572433,0.03723139382045654,0.00487406872232391
ziri,ng_v0,3.59,semimem_r,Semimembranosus,0.010477825245497726,216.2310512206219,0.822085577140622,0.004845661706008697,0.043453887381577794,0.008009149742786952
ziri,ng_v0,3.59,semiten_r,Semitendinosus,0.012819205765548262,247.8343549155195,0.8122708147087878,0.00517248941129167,0.06110899380961998,0.008495980793175815
ziri,ng_v0,3.59,bifemlh_r,Biceps femoris LH,0.011573186997042052,212.37776940568048,0.793512037135862,0.005449340121345347,0.05484623344850231,0.007974081070148822
ziri,ng_v0,3.59,bifemsh_r,Biceps femoris SH,0.0017998155272731446,108.48944953048888,-0.7672690355159479,0.0016589774720603967,0.006373111397749265,0.001387533498038571
ziri,ng_v1,4.09,glut_med1_r,Glut. medius,0.017855459823610007,140.75805450938003,0.08104745596381985,0.012685213564400416,0.06864269923129478,-0.007379107611202031
ziri,ng_v1,4.09,rect_fem_r,Rect. femoris,0.04298370551496003,56.98322488155904,0.45127154026115324,0.07543220939899886,0.1183392684063076,-0.02984006736578191
ziri,ng_v1,4.09,vas_lat_r,Vast. lateralis,0.017030686378053,31.06594718753216,0.7873827416335313,0.05482107555017025,0.051227864368241005,-0.009527392451371566
ziri,ng_v1,4.09,tib_ant_r,Tib. anterior,0.004835954781881468,21.44813218751135,0.8968440791970718,0.02254720709292024,0.022861643687763056,-0.004000037852969005
ziri,ng_v1,4.09,soleus_r,Soleus,0.0016558274290145963,5.832393097204976,0.9743655220966327,0.028390189094217755,0.02574294755767037,-0.0003256920556120684
ziri,ng_v1,4.09,med_gas_r,Med. gastrocnemius,0.002200300492277946,8.150930102216734,0.9344006099940264,0.026994471363207373,0.024830233022805348,-0.0003802352472706714
ziri,ng_v1,4.09,semimem_r,Semimembranosus,0.02923231578123447,70.43439739415348,0.4364008202466113,0.0415028975369085,0.07771530450931441,0.02238456956890848
ziri,ng_v1,4.09,semiten_r,Semitendinosus,0.036585637086215976,73.45933765805842,0.44533359736872646,0.04980392997349953,0.09589060356070295,0.028186417809470184
ziri,ng_v1,4.09,bifemlh_r,Biceps femoris LH,0.039878250759493736,74.10378718727564,0.35400841493202523,0.05381405225445918,0.10398397507261836,0.030089427682762057
ziri,ng_v1,4.09,bifemsh_r,Biceps femoris SH,0.002078541782660807,35.69567046016664,0.552005361954453,0.005822952071961457,0.008923111595847688,2.710234589717666e-06
ziri,ng_v2,4.59,glut_med1_r,Glut. medius,0.018358783948308883,148.01386787292518,0.21435922943224653,0.012403421525387412,0.06970144381674508,-0.004598040166649795
ziri,ng_v2,4.59,rect_fem_r,Rect. femoris,0.04192377783249098,57.48457683646482,0.44038535429846615,0.07293048003424984,0.12717533257092,-0.028172669598733584
ziri,ng_v2,4.59,vas_lat_r,Vast. lateralis,0.017052581272193973,31.19063221670374,0.7477942493232095,0.05467212448185543,0.051869156775739625,-0.010013654548241832
ziri,ng_v2,4.59,tib_ant_r,Tib. anterior,0.004897138287468503,20.615029329772398,0.8409700300374847,0.023755184671971408,0.019372428729385716,-0.004258277019144716
ziri,ng_v2,4.59,soleus_r,Soleus,0.002055161811650498,7.4344391380946035,0.9234892456986229,0.027643804374155145,0.02421666510401438,0.0007388358404436386
ziri,ng_v2,4.59,med_gas_r,Med. gastrocnemius,0.0023131217739129125,9.069585963981002,0.8501979275805406,0.025504160643046503,0.01930469216207442,-0.00023105778433667523
ziri,ng_v2,4.59,semimem_r,Semimembranosus,0.029060805679817236,72.53047449370877,0.32684201065620994,0.04006702821493047,0.08310706706729909,0.02044476468331555
ziri,ng_v2,4.59,semiten_r,Semitendinosus,0.03583003576621015,75.13278774799824,0.34116223500056864,0.04768894758222886,0.10174955641841954,0.0249502927999682
ziri,ng_v2,4.59,bifemlh_r,Biceps femoris LH,0.03940425841814831,78.43935837302382,0.2962624998302132,0.050235314560782895,0.10759379385076978,0.02795006420563677
ziri,ng_v2,4.59,bifemsh_r,Biceps femoris SH,0.0024392825026146314,42.54177258086331,0.23773010050880602,0.005733852528072375,0.014374903567254349,0.0008368147425229797
