comparison,subject,trial,muscle,muscle_label,rmse_m,nrmse_pct_of_base_rom,corr,peak_delta_m,min_delta_m,rom_delta_pct
scaled_vs_unscaled,S135,S135_G03_D01_B01_T01,glut_med1_r,Glut. medius,0.0007811921037989523,3.032341800580247,0.9999995612114566,0.0011961496477087274,8.15021130961685e-05,4.326710799664273
scaled_vs_unscaled,S135,S135_G03_D01_B01_T01,rect_fem_r,Rect. femoris,0.024383634475257824,30.386662891739203,0.9999957313328383,0.023809886324639762,0.025267714274463948,-1.8167318949278355
scaled_vs_unscaled,S135,S135_G03_D01_B01_T01,vas_lat_r,Vast. lateralis,0.013442800506707575,23.470938231528223,0.9999228588733781,0.012991590993989055,0.015174304793756616,-3.810987208051343
scaled_vs_unscaled,S135,S135_G03_D01_B01_T01,tib_ant_r,Tib. anterior,7.113855651532046e-05,0.3539996651583991,0.9999942336825427,5.937595525884465e-05,0.00014327643868417006,-0.41750556230075636
scaled_vs_unscaled,S135,S135_G03_D01_B01_T01,soleus_r,Soleus,0.0048050091980035795,21.105969419538,0.9999990121198545,-0.0038801834978184346,-0.0059571212496069,9.122934602028351
scaled_vs_unscaled,S135,S135_G03_D01_B01_T01,med_gas_r,Med. gastrocnemius,0.008300232125898565,44.10898697005512,0.999929157364951,-0.007440651343306515,-0.009156685887822202,9.119328738774596
scaled_vs_unscaled,S135,S135_G03_D01_B01_T01,semimem_r,Semimembranosus,0.02291129783979533,50.83819026440884,0.9998864406532398,0.022425541621065637,0.023367328974722157,-2.0897447629807413
scaled_vs_unscaled,S135,S135_G03_D01_B01_T01,semiten_r,Semitendinosus,0.0215459977136085,40.48302681260532,0.9998678956090042,0.020893513762917704,0.022085081967108233,-2.23885141920468
scaled_vs_unscaled,S135,S135_G03_D01_B01_T01,bifemlh_r,Biceps femoris LH,0.022483603046940765,40.73145299957827,0.9999299759586753,0.021859692832097155,0.022948035088565633,-1.9716484664068328
scaled_vs_unscaled,S135,S135_G03_D01_B01_T01,bifemsh_r,Biceps femoris SH,0.009585927450170815,106.72855044046976,0.99998341996565,0.009482461763533512,0.00968234536804169,-2.225479743808596
scaled_vs_unscaled,S135,S135_G03_D01_B01_T02,glut_med1_r,Glut. medius,0.0008676423434130991,3.437936888940727,0.9999996340676522,0.0012931756506936176,0.0002236381252922609,4.2379242329497755
scaled_vs_unscaled,S135,S135_G03_D01_B01_T02,rect_fem_r,Rect. femoris,0.024471436773426017,30.46252764173807,0.9999948807027595,0.02389478242240123,0.02531694274791807,-1.770333251298297
scaled_vs_unscaled,S135,S135_G03_D01_B01_T02,vas_lat_r,Vast. lateralis,0.013453743771805216,24.493285412327612,0.9999240804030269,0.012962431005361263,0.0151752322993641,-4.028527268994285
scaled_vs_unscaled,S135,S135_G03_D01_B01_T02,tib_ant_r,Tib. anterior,7.802902584428467e-05,0.34545188759127643,0.9999926964481568,6.789105693183473e-05,0.00015961052570440115,-0.40606252959741373
scaled_vs_unscaled,S135,S135_G03_D01_B01_T02,soleus_r,Soleus,0.00479209093469963,18.654381170246968,0.9999987246177772,-0.003798576341191462,-0.006148453698862522,9.147469973058083
scaled_vs_unscaled,S135,S135_G03_D01_B01_T02,med_gas_r,Med. gastrocnemius,0.00823113144255604,37.13805141731149,0.999939948066734,-0.007309644154201711,-0.009331931017894146,9.124358424902155
scaled_vs_unscaled,S135,S135_G03_D01_B01_T02,semimem_r,Semimembranosus,0.022811689864754688,49.4835237179133,0.9998952718867249,0.02232683261725399,0.023256975807496805,-2.0176831654435996
scaled_vs_unscaled,S135,S135_G03_D01_B01_T02,semiten_r,Semitendinosus,0.02142679614733462,38.90429711819479,0.9998733169074375,0.020813361362615135,0.02198114348832131,-2.1203236580678233
scaled_vs_unscaled,S135,S135_G03_D01_B01_T02,bifemlh_r,Biceps femoris LH,0.022386283387012387,39.159080768748126,0.9999326150967579,0.02179377207939981,0.022842697163467318,-1.8348263254451391
scaled_vs_unscaled,S135,S135_G03_D01_B01_T02,bifemsh_r,Biceps femoris SH,0.009571323929114252,124.7222236573215,0.9999646009869558,0.009482797754569616,0.009654106878808855,-2.232298798592999
scaled_vs_unscaled,S135,S135_G03_D01_B01_T03,glut_med1_r,Glut. medius,0.0009347417082657924,3.7519532777129285,0.9999996537535266,0.0013500608968316508,0.00030660892107335636,4.188304668511854
scaled_vs_unscaled,S135,S135_G03_D01_B01_T03,rect_fem_r,Rect. femoris,0.024439466172296115,29.757083108734584,0.9999950517873121,0.023853058798811888,0.025304478005492126,-1.7672236232293983
scaled_vs_unscaled,S135,S135_G03_D01_B01_T03,vas_lat_r,Vast. lateralis,0.01344595510024418,23.564613161238686,0.9999202020902441,0.012989169528983269,0.015176273071006302,-3.8329927868353346
scaled_vs_unscaled,S135,S135_G03_D01_B01_T03,tib_ant_r,Tib. anterior,7.140494091615765e-05,0.3405213610176385,0.9999938106396604,6.311561400090815e-05,0.00014582508443811149,-0.3944312687744489
scaled_vs_unscaled,S135,S135_G03_D01_B01_T03,soleus_r,Soleus,0.004830124673571006,20.25765136169985,0.9999989109513729,-0.0038667797923458425,-0.006046028722760222,9.139818958348634
scaled_vs_unscaled,S135,S135_G03_D01_B01_T03,med_gas_r,Med. gastrocnemius,0.008310829268970728,41.90444582486913,0.9999252289276755,-0.007430886439690865,-0.00924665149337417,9.155359334217918
scaled_vs_unscaled,S135,S135_G03_D01_B01_T03,semimem_r,Semimembranosus,0.022851015330386235,47.277428727924075,0.9999003510082266,0.02234583438414639,0.02332492687366039,-2.0256857177584973
scaled_vs_unscaled,S135,S135_G03_D01_B01_T03,semiten_r,Semitendinosus,0.021479992484406147,37.23016896092023,0.999882299965304,0.0208422809672818,0.022053713986533774,-2.0997147007537977
scaled_vs_unscaled,S135,S135_G03_D01_B01_T03,bifemlh_r,Biceps femoris LH,0.022441584211177108,37.76888694655954,0.9999365748532801,0.021813495865391053,0.022936863572608268,-1.890612870020612
scaled_vs_unscaled,S135,S135_G03_D01_B01_T03,bifemsh_r,Biceps femoris SH,0.009582352319566393,108.49022042390271,0.9999800904387858,0.009484139659839352,0.009679615147472398,-2.213149551752092
scaled_vs_unscaled,S146,S146_G03_D01_B01_T01,glut_med1_r,Glut. medius,0.002555159050257499,9.562378487959668,0.9999965962423096,0.0036126709780409105,0.000687118389818428,10.94853219888373
scaled_vs_unscaled,S146,S146_G03_D01_B01_T01,rect_fem_r,Rect. femoris,0.06410385334303259,83.14442870600557,0.9999938468961396,0.06297700239978388,0.06528308343224276,-2.9910493674619216
scaled_vs_unscaled,S146,S146_G03_D01_B01_T01,vas_lat_r,Vast. lateralis,0.035170517699122,67.60063511294534,0.999554459734362,0.034447283775924875,0.03828199892850076,-7.370638726703653
scaled_vs_unscaled,S146,S146_G03_D01_B01_T01,tib_ant_r,Tib. anterior,0.00270657376037668,13.856541902959622,0.999982596495799,0.0026597025955518716,0.002826894670447888,-0.8559545006883518
scaled_vs_unscaled,S146,S146_G03_D01_B01_T01,soleus_r,Soleus,0.005359786058447528,24.88757309760115,0.9999978328414875,-0.004122276708873163,-0.00760553363618699,16.174117856741155
scaled_vs_unscaled,S146,S146_G03_D01_B01_T01,med_gas_r,Med. gastrocnemius,0.009603024967863262,49.00228912738103,0.9999321216787368,-0.008408010475546734,-0.011484298387022862,15.69767340829503
scaled_vs_unscaled,S146,S146_G03_D01_B01_T01,semimem_r,Semimembranosus,0.0624668983704261,148.93899207350967,0.9995780581258049,0.061374142126905507,0.06361012097761803,-5.331214531382484
scaled_vs_unscaled,S146,S146_G03_D01_B01_T01,semiten_r,Semitendinosus,0.0606176775144432,121.95492999536349,0.9995501513126697,0.059250599153656325,0.06193945988594002,-5.409640154801494
scaled_vs_unscaled,S146,S146_G03_D01_B01_T01,bifemlh_r,Biceps femoris LH,0.06177999192933705,118.7832515009992,0.9998127672374711,0.06069671202196103,0.0629148220388272,-4.264719236151043
scaled_vs_unscaled,S146,S146_G03_D01_B01_T01,bifemsh_r,Biceps femoris SH,0.027449930378629923,439.30557948574994,0.9997533112232153,0.027359812812197404,0.027577239003852783,-3.479664166831789
scaled_vs_unscaled,S146,S146_G03_D01_B01_T02,glut_med1_r,Glut. medius,0.002569850166731591,9.284122605203013,0.9999963285567004,0.003631059633624867,0.0005919914199954829,10.97927119104973
scaled_vs_unscaled,S146,S146_G03_D01_B01_T02,rect_fem_r,Rect. femoris,0.06409505442651645,82.96291854140613,0.9999930528591303,0.06295305053599598,0.06526683979903114,-2.99490673451635
scaled_vs_unscaled,S146,S146_G03_D01_B01_T02,vas_lat_r,Vast. lateralis,0.035209824694081286,67.11314109598938,0.9995304985126776,0.03446932938901237,0.03829644637075383,-7.294834445161196
scaled_vs_unscaled,S146,S146_G03_D01_B01_T02,tib_ant_r,Tib. anterior,0.002713201444832018,13.316686296093419,0.9999810718388334,0.0026609337371419906,0.002847607983533007,-0.916217401949203
scaled_vs_unscaled,S146,S146_G03_D01_B01_T02,soleus_r,Soleus,0.005326395959728692,23.790830206350044,0.9999977149090947,-0.004021342040488818,-0.007638953671338877,16.158390159648352
scaled_vs_unscaled,S146,S146_G03_D01_B01_T02,med_gas_r,Med. gastrocnemius,0.009549122647006818,47.31956809180331,0.9999373605979974,-0.008293888528712934,-0.011462030772707354,15.699360892197104
scaled_vs_unscaled,S146,S146_G03_D01_B01_T02,semimem_r,Semimembranosus,0.06247985625710487,150.0801830373291,0.9995663090197799,0.06141548450920725,0.06363385201656457,-5.328645446593693
scaled_vs_unscaled,S146,S146_G03_D01_B01_T02,semiten_r,Semitendinosus,0.06063167800322103,123.5678266407082,0.9995324483649454,0.05924480343270555,0.061962419020607784,-5.53852149406371
scaled_vs_unscaled,S146,S146_G03_D01_B01_T02,bifemlh_r,Biceps femoris LH,0.06179777696844112,119.79868044034345,0.9998000325124158,0.06068137537988871,0.0629372114860523,-4.373072981995611
scaled_vs_unscaled,S146,S146_G03_D01_B01_T02,bifemsh_r,Biceps femoris SH,0.027449907565261673,426.6492102886507,0.9997435470647711,0.027362541409735264,0.02758290407615971,-3.4250591694549715
scaled_vs_unscaled,S146,S146_G03_D01_B01_T03,glut_med1_r,Glut. medius,0.0024359850857587745,7.93584240251889,0.9999952177749754,0.0035755636762436205,0.00014336705995854349,11.181255419227217
scaled_vs_unscaled,S146,S146_G03_D01_B01_T03,rect_fem_r,Rect. femoris,0.06404123115648888,83.9948033096884,0.9999914376676605,0.06295182095673546,0.0652347302937622,-2.9942041599552085
scaled_vs_unscaled,S146,S146_G03_D01_B01_T03,vas_lat_r,Vast. lateralis,0.03515862218548667,65.34191034715299,0.999498536597976,0.03454817492822687,0.038248965855618905,-6.877878994104279
scaled_vs_unscaled,S146,S146_G03_D01_B01_T03,tib_ant_r,Tib. anterior,0.002700806474923055,13.195041320122689,0.9999828271798321,0.002671077373382902,0.002816822794278584,-0.7120528141476656
scaled_vs_unscaled,S146,S146_G03_D01_B01_T03,soleus_r,Soleus,0.005501414279405459,24.117557031088833,0.9999976088744708,-0.004171406912612863,-0.007877712338011378,16.248009681129258
scaled_vs_unscaled,S146,S146_G03_D01_B01_T03,med_gas_r,Med. gastrocnemius,0.00977601884706031,48.74923974392963,0.9999334507722771,-0.008589481599904303,-0.01175115109749314,15.766027739950092
scaled_vs_unscaled,S146,S146_G03_D01_B01_T03,semimem_r,Semimembranosus,0.06255435737693386,155.11986853326206,0.9995462191969536,0.061464815185881594,0.06367292810785186,-5.475592756851259
scaled_vs_unscaled,S146,S146_G03_D01_B01_T03,semiten_r,Semitendinosus,0.060713912982522926,129.61515493817558,0.9995078741809273,0.059375804411276545,0.0619747718729845,-5.54840816017778
scaled_vs_unscaled,S146,S146_G03_D01_B01_T03,bifemlh_r,Biceps femoris LH,0.06184570822924021,125.13451430157956,0.9997786296137181,0.06076489629715681,0.06288508773322138,-4.289855079270833
scaled_vs_unscaled,S146,S146_G03_D01_B01_T03,bifemsh_r,Biceps femoris SH,0.02746471406294384,381.6415787716326,0.999856865985374,0.027361465883487923,0.027607960847762902,-3.4252214353866437
